compound_id,molecular_formula,molecular_weight,smiles,canonical_smiles,isomeric_smiles,iupac_name,inchi,inchi_key,xlogp,exact_mass,monoisotopic_mass,tpsa,complexity,charge,h_bond_donor_count,h_bond_acceptor_count,rotatable_bond_count,heavy_atom_count,isotope_atom_count,defined_atom_stereo_count,undefined_atom_stereo_count,defined_bond_stereo_count,undefined_bond_stereo_count,covalent_unit_count,conformer_count_3d,volume_3d,x_steric_quadrupole_3d,y_steric_quadrupole_3d,z_steric_quadrupole_3d,feature_acceptor_count_3d,feature_donor_count_3d,feature_anion_count_3d,feature_cation_count_3d,feature_ring_count_3d,feature_hydrophobe_count_3d,effective_rotor_count_3d,fingerprint_2d
11314340,C22H22N4O,358.4,CC1=C2C=C(C=CC2=NN1)C3=CC(=CN=C3)OC[C@H](CC4=CC=CC=C4)N,CC1=C2C=C(C=CC2=NN1)C3=CC(=CN=C3)OCC(CC4=CC=CC=C4)N,CC1=C2C=C(C=CC2=NN1)C3=CC(=CN=C3)OC[C@H](CC4=CC=CC=C4)N,(2S)-1-[5-(3-methyl-2H-indazol-5-yl)pyridin-3-yl]oxy-3-phenylpropan-2-amine,"InChI=1S/C22H22N4O/c1-15-21-11-17(7-8-22(21)26-25-15)18-10-20(13-24-12-18)27-14-19(23)9-16-5-3-2-4-6-16/h2-8,10-13,19H,9,14,23H2,1H3,(H,25,26)/t19-/m0/s1",BPNUQXPIQBZCMR-IBGZPJMESA-N,3.6,358.17936134,358.17936134,76.8,456,0,2,4,6,27,0,1,0,0,0,1,10,286.4,12.18,5.5,1.31,3,2,0,1,4,0,6,AAADceB7oAAAAAAAAAAAAAAAAAAAAWAAAAA8YIAAAAAAAFgB/AAAHgAYAAAADCzhngY+xvJrFACiAzRnRASSjCAxYiAY+aA/bJgOJuLE8duHvCjk2BHY6AewwOAOiAACAAACAAAQAAQAAAQAAAAAAAAAAA==
3038525,C19H9Cl2F2N3OS,436.3,C1=CC(=C(C(=C1)Cl)C2=C3C=CC(=NN3C=NC2=O)SC4=C(C=C(C=C4)F)F)Cl,C1=CC(=C(C(=C1)Cl)C2=C3C=CC(=NN3C=NC2=O)SC4=C(C=C(C=C4)F)F)Cl,C1=CC(=C(C(=C1)Cl)C2=C3C=CC(=NN3C=NC2=O)SC4=C(C=C(C=C4)F)F)Cl,"5-(2,6-dichlorophenyl)-2-(2,4-difluorophenyl)sulfanylpyrimido[1,6-b]pyridazin-6-one",InChI=1S/C19H9Cl2F2N3OS/c20-11-2-1-3-12(21)17(11)18-14-5-7-16(25-26(14)9-24-19(18)27)28-15-6-4-10(22)8-13(15)23/h1-9H,VEPKQEUBKLEPRA-UHFFFAOYSA-N,5.1,434.9811448,434.9811448,70.3,762,0,0,5,3,28,0,0,0,0,0,1,10,304.8,14.2,2.32,2.14,2,1,0,0,4,0,3,AAADccB7IYBGAAAAAAAAAAAAAAAAAAAAAAAwYIEAAAAAAACBQAAAHwYIAAAADAqB2CwxAYIAAAioAiVzdACSAAEgDRAZiBkYAtgIIDKhnxGAIAAgiAAoiUcYiICOAAAAAACBAAAAAAAAAQIAAAAAAAAAAA==
151194,C20H15ClN4,346.8,C1=CC=C2C(=C1)C(=NN=C2NC3=CC=C(C=C3)Cl)CC4=CC=NC=C4,C1=CC=C2C(=C1)C(=NN=C2NC3=CC=C(C=C3)Cl)CC4=CC=NC=C4,C1=CC=C2C(=C1)C(=NN=C2NC3=CC=C(C=C3)Cl)CC4=CC=NC=C4,N-(4-chlorophenyl)-4-(pyridin-4-ylmethyl)phthalazin-1-amine,"InChI=1S/C20H15ClN4/c21-15-5-7-16(8-6-15)23-20-18-4-2-1-3-17(18)19(24-25-20)13-14-9-11-22-12-10-14/h1-12H,13H2,(H,23,25)",YCOYDOIWSSHVCK-UHFFFAOYSA-N,4.5,346.0985242,346.0985242,50.7,407,0,1,4,4,25,0,0,0,0,0,1,10,265.9,12.41,5.65,1.03,2,1,0,1,4,0,4,AAADccB7gAAEAAAAAAAAAAAAAAAAAAAAAAA8eIEAAAAAAACx/AAAHAIYAAAADArBHiQ98NLIEACiAzZnZACShCIxByAd2CA4ZpiIIOLBm5GEoAhwmALIyCcQgMAOgABAAAAQAAAAAIAAACAAAAAAAAAAAA==
156422,C31H37N5O3,527.7,CC1=CC=C(C=C1)N2C(=CC(=N2)C(C)(C)C)NC(=O)NC3=CC=C(C4=CC=CC=C43)OCCN5CCOCC5,CC1=CC=C(C=C1)N2C(=CC(=N2)C(C)(C)C)NC(=O)NC3=CC=C(C4=CC=CC=C43)OCCN5CCOCC5,CC1=CC=C(C=C1)N2C(=CC(=N2)C(C)(C)C)NC(=O)NC3=CC=C(C4=CC=CC=C43)OCCN5CCOCC5,1-[5-tert-butyl-2-(4-methylphenyl)pyrazol-3-yl]-3-[4-(2-morpholin-4-ylethoxy)naphthalen-1-yl]urea,"InChI=1S/C31H37N5O3/c1-22-9-11-23(12-10-22)36-29(21-28(34-36)31(2,3)4)33-30(37)32-26-13-14-27(25-8-6-5-7-24(25)26)39-20-17-35-15-18-38-19-16-35/h5-14,21H,15-20H2,1-4H3,(H2,32,33,37)",MVCOAUNKQVWQHZ-UHFFFAOYSA-N,5.7,527.28964006,527.28964006,80.7,777,0,2,5,8,39,0,0,0,0,0,1,10,417.8,28.36,5.68,1.6,4,2,0,1,5,1,11.2,AAADcfB7sAAAAAAAAAAAAAAAAAAAAWAAAAA8YMEAAAAAAADB1AAAHgAYAAAADgzhngYz9tPIBACqAyZidACSDCMhIgAdmCA+bJiOJmLE8duHvCj83RPY6CewwLAPiEABQAAaAAAQgAKAADQAAAAAAAAAAA==
216239,C21H16ClF3N4O3,464.8,CNC(=O)C1=NC=CC(=C1)OC2=CC=C(C=C2)NC(=O)NC3=CC(=C(C=C3)Cl)C(F)(F)F,CNC(=O)C1=NC=CC(=C1)OC2=CC=C(C=C2)NC(=O)NC3=CC(=C(C=C3)Cl)C(F)(F)F,CNC(=O)C1=NC=CC(=C1)OC2=CC=C(C=C2)NC(=O)NC3=CC(=C(C=C3)Cl)C(F)(F)F,4-[4-[[4-chloro-3-(trifluoromethyl)phenyl]carbamoylamino]phenoxy]-N-methylpyridine-2-carboxamide,"InChI=1S/C21H16ClF3N4O3/c1-26-19(30)18-11-15(8-9-27-18)32-14-5-2-12(3-6-14)28-20(31)29-13-4-7-17(22)16(10-13)21(23,24)25/h2-11H,1H3,(H,26,30)(H2,28,29,31)",MLDQJTXFUGDVEO-UHFFFAOYSA-N,4.1,464.0863026,464.0863026,92.4,646,0,3,7,5,32,0,0,0,0,0,1,10,329.6,29.54,3.44,1.54,4,3,0,0,3,0,9,AAADceB7sYAEAAAAAAAAAAAAAAAAAAAAAAA8YIAAAAAAAAAB0AAAHwIQAAAADA7BnjQ/xpLIFACoAzV3VACCiCA3JyAI2KG+btiMZnLFt7uWOSju1hvI6ae6yAAOAEBAQAABAAAAgICAAAIAAAAAAAAAAA==
11427553,C20H20N4O,332.4,C1CN(CCN1)C(=O)C2=CC=C(C=C2)/C=C/C3=NNC4=CC=CC=C43,C1CN(CCN1)C(=O)C2=CC=C(C=C2)C=CC3=NNC4=CC=CC=C43,C1CN(CCN1)C(=O)C2=CC=C(C=C2)/C=C/C3=NNC4=CC=CC=C43,[4-[(E)-2-(1H-indazol-3-yl)ethenyl]phenyl]-piperazin-1-ylmethanone,"InChI=1S/C20H20N4O/c25-20(24-13-11-21-12-14-24)16-8-5-15(6-9-16)7-10-19-17-3-1-2-4-18(17)22-23-19/h1-10,21H,11-14H2,(H,22,23)/b10-7+",YYLKKYCXAOBSRM-JXMROGBWSA-N,2.7,332.16371127,332.16371127,61,480,0,2,3,3,25,0,0,0,1,0,1,10,265.4,21.55,2.54,1.05,2,2,0,1,4,0,5.2,AAADceB7oAAAAAAAAAAAAAAAAAAAAWAAAAA8YIAAAAAAAFgB9AAAHgAYAAAADAjBngQwwPPjAACqAyVyUACSBAAkAgAYuaE4ZNgIYLKA1dGUpQhgngCIyYcYiICOQAAAAAACAACAAAAAAAQAAAAAAAAAAA==
25243800,C16H16N6O,308.34,CC(C)N1C2=NC=NC(=C2/C(=C\3/C=C4C=C(C=CC4=N3)O)/N1)N,CC(C)N1C2=NC=NC(=C2C(=C3C=C4C=C(C=CC4=N3)O)N1)N,CC(C)N1C2=NC=NC(=C2/C(=C\3/C=C4C=C(C=CC4=N3)O)/N1)N,"(2E)-2-(4-amino-1-propan-2-yl-2H-pyrazolo[3,4-d]pyrimidin-3-ylidene)indol-5-ol","InChI=1S/C16H16N6O/c1-8(2)22-16-13(15(17)18-7-19-16)14(21-22)12-6-9-5-10(23)3-4-11(9)20-12/h3-8,21,23H,1-2H3,(H2,17,18,19)/b14-12+",MTICIDWIKCANDD-WYMLVPIESA-N,1.7,308.13855916,308.13855916,99.7,687,0,3,7,1,23,0,0,0,1,0,1,2,230.6,11.38,3.26,0.75,1,3,0,3,4,1,1.4,AAADceB7oAAAAAAAAAAAAAAAAAAAAWIAAAAsQAAAAAAAAFgBgAAAHgAYCAAADCzBmgQHsJZqEgCgAyZjZACChCkxIKAd+CA4RBiIDADASUAEFAgIgALIkCYAAAAAAAAAAAAAAAAAAAAAAAAAAAAAAAAAAA==
5328940,C26H29Cl2N5O3,530.4,CN1CCN(CC1)CCCOC2=C(C=C3C(=C2)N=CC(=C3NC4=CC(=C(C=C4Cl)Cl)OC)C#N)OC,CN1CCN(CC1)CCCOC2=C(C=C3C(=C2)N=CC(=C3NC4=CC(=C(C=C4Cl)Cl)OC)C#N)OC,CN1CCN(CC1)CCCOC2=C(C=C3C(=C2)N=CC(=C3NC4=CC(=C(C=C4Cl)Cl)OC)C#N)OC,"4-(2,4-dichloro-5-methoxyanilino)-6-methoxy-7-[3-(4-methylpiperazin-1-yl)propoxy]quinoline-3-carbonitrile","InChI=1S/C26H29Cl2N5O3/c1-32-6-8-33(9-7-32)5-4-10-36-25-13-21-18(11-24(25)35-3)26(17(15-29)16-30-21)31-22-14-23(34-2)20(28)12-19(22)27/h11-14,16H,4-10H2,1-3H3,(H,30,31)",UBPYILGKFZZVDX-UHFFFAOYSA-N,5.4,529.1647452,529.1647452,82.9,734,0,1,8,9,36,0,0,0,0,0,1,10,396.2,20.48,5.19,1.94,5,1,0,3,4,0,10.2,AAADceB7sAAGAAAAAAAAAAAAAAAAAAAAAAA8eIEAAAAAAACx9AAAHgIQAAAADA7hniY+xvPIFACwBzRnRACiiCAxJ2AA2CA+75gN5uPF8tvWPCrm0BnK6A+w0PMOIGBBAgCCSBBAwIIEAQSQIAAAAAAAAA==
5494449,C23H28N8OS,464.6,CC1=CC(=NN1)NC2=CC(=NC(=N2)SC3=CC=C(C=C3)NC(=O)C4CC4)N5CCN(CC5)C,CC1=CC(=NN1)NC2=CC(=NC(=N2)SC3=CC=C(C=C3)NC(=O)C4CC4)N5CCN(CC5)C,CC1=CC(=NN1)NC2=CC(=NC(=N2)SC3=CC=C(C=C3)NC(=O)C4CC4)N5CCN(CC5)C,N-[4-[4-(4-methylpiperazin-1-yl)-6-[(5-methyl-1H-pyrazol-3-yl)amino]pyrimidin-2-yl]sulfanylphenyl]cyclopropanecarboxamide,"InChI=1S/C23H28N8OS/c1-15-13-20(29-28-15)25-19-14-21(31-11-9-30(2)10-12-31)27-23(26-19)33-18-7-5-17(6-8-18)24-22(32)16-3-4-16/h5-8,13-14,16H,3-4,9-12H2,1-2H3,(H,24,32)(H2,25,26,27,28,29)",GCIKSSRWRFVXBI-UHFFFAOYSA-N,3.4,464.21067872,464.21067872,127,650,0,3,8,7,33,0,0,0,0,0,1,10,358.5,21.69,3.98,1.05,1,3,0,4,4,0,9.8,AAADceB74ABAAAAAAAAAAAAAGAAAAWAAAAA8WIAAAAAAAAAB8AAAHgQYAAAADQjB1gQz8ZfrEAiqASdydACS1CthCrAduTk4ZJiIaHLg2dGUpAh4nALIyCcQAAAAAAQAAAAAAAAACAAAAAAAAAAAAAAAAA==
11364421,C28H39N7O3,521.7,CC[C@@H]1C(=O)N(C2=CN=C(N=C2N1C3CCCC3)NC4=C(C=C(C=C4)C(=O)NC5CCN(CC5)C)OC)C,CCC1C(=O)N(C2=CN=C(N=C2N1C3CCCC3)NC4=C(C=C(C=C4)C(=O)NC5CCN(CC5)C)OC)C,CC[C@@H]1C(=O)N(C2=CN=C(N=C2N1C3CCCC3)NC4=C(C=C(C=C4)C(=O)NC5CCN(CC5)C)OC)C,4-[[(7R)-8-cyclopentyl-7-ethyl-5-methyl-6-oxo-7H-pteridin-2-yl]amino]-3-methoxy-N-(1-methylpiperidin-4-yl)benzamide,"InChI=1S/C28H39N7O3/c1-5-22-27(37)34(3)23-17-29-28(32-25(23)35(22)20-8-6-7-9-20)31-21-11-10-18(16-24(21)38-4)26(36)30-19-12-14-33(2)15-13-19/h10-11,16-17,19-20,22H,5-9,12-15H2,1-4H3,(H,30,36)(H,29,31,32)/t22-/m1/s1",XQVVPGYIWAGRNI-JOCHJYFZSA-N,3.7,521.31143813,521.31143813,103,816,0,2,8,7,38,0,1,0,0,0,1,10,400.9,25.07,4.06,1.48,3,2,0,2,5,1,10.8,AAADcfB7sAAAAAAAAAAAAAAAAAAAAYAAAAA8WLEAAAAAAACxwAAAHgAQAAAADCzBmgY/9pfIFACoAjd3dACCiCk1MqAJ2KGvfNiObrLE/fuVNShs1hPY6ae6yRCeCAABAAAAEAAQAAIAAAAgAAAAAAAAAA==
11626560,C21H22Cl2FN5O,450.3,C[C@H](C1=C(C=CC(=C1Cl)F)Cl)OC2=C(N=CC(=C2)C3=CN(N=C3)C4CCNCC4)N,CC(C1=C(C=CC(=C1Cl)F)Cl)OC2=C(N=CC(=C2)C3=CN(N=C3)C4CCNCC4)N,C[C@H](C1=C(C=CC(=C1Cl)F)Cl)OC2=C(N=CC(=C2)C3=CN(N=C3)C4CCNCC4)N,"3-[(1R)-1-(2,6-dichloro-3-fluorophenyl)ethoxy]-5-(1-piperidin-4-ylpyrazol-4-yl)pyridin-2-amine","InChI=1S/C21H22Cl2FN5O/c1-12(19-16(22)2-3-17(24)20(19)23)30-18-8-13(9-27-21(18)25)14-10-28-29(11-14)15-4-6-26-7-5-15/h2-3,8-12,15,26H,4-7H2,1H3,(H2,25,27)/t12-/m1/s1",KTEIFNKAUNYNJU-GFCCVEGCSA-N,3.7,449.1185439,449.1185439,78,557,0,2,6,5,30,0,1,0,0,0,1,10,326,12.56,4.96,1.7,3,2,0,2,4,0,6.2,AAADceB7oQAGAAAAAAAAAAAAAAAAAWAAAAA8WIAAAAAAAAAB8AAAHwIYAAAADD7hmi4/tpLIFACiAjJnZASSjCkx5SAY2KAvTpiOJuLF89uHvCjk2BPY6Cew0KIOgAAAAACBAAAAAAAAAQIAAAAAAAAAAA==
10184653,C24H25ClFN5O3,485.9,CN(C)C/C=C/C(=O)NC1=C(C=C2C(=C1)C(=NC=N2)NC3=CC(=C(C=C3)F)Cl)O[C@H]4CCOC4,CN(C)CC=CC(=O)NC1=C(C=C2C(=C1)C(=NC=N2)NC3=CC(=C(C=C3)F)Cl)OC4CCOC4,CN(C)C/C=C/C(=O)NC1=C(C=C2C(=C1)C(=NC=N2)NC3=CC(=C(C=C3)F)Cl)O[C@H]4CCOC4,(E)-N-[4-(3-chloro-4-fluoroanilino)-7-[(3S)-oxolan-3-yl]oxyquinazolin-6-yl]-4-(dimethylamino)but-2-enamide,"InChI=1S/C24H25ClFN5O3/c1-31(2)8-3-4-23(32)30-21-11-17-20(12-22(21)34-16-7-9-33-13-16)27-14-28-24(17)29-15-5-6-19(26)18(25)10-15/h3-6,10-12,14,16H,7-9,13H2,1-2H3,(H,30,32)(H,27,28,29)/b4-3+/t16-/m0/s1",ULXXDDBFHOBEHA-CWDCEQMOSA-N,3.6,485.1629955,485.1629955,88.6,702,0,2,8,8,34,0,1,0,1,0,1,10,363.9,16.98,9.14,1.35,3,2,0,3,4,0,10,AAADceB7sQAEAAAAAAAAAAAAAAAAASAAAAA8YIAAAAAAAACx9AAAHwIQAAAADB7hni439vfIFACoAydzdACCiCkxJ6AJ2CA/btiPLuLF+9uHPCjv1Bva6aeQ0AMOIACAQgICEABAAQCEBAQgAAAAAAAAAA==
11712649,C25H15ClF2N4O2,476.9,C1C2=CN=C(N=C2C3=C(C=C(C=C3)Cl)C(=N1)C4=C(C=CC=C4F)F)NC5=CC=C(C=C5)C(=O)O,C1C2=CN=C(N=C2C3=C(C=C(C=C3)Cl)C(=N1)C4=C(C=CC=C4F)F)NC5=CC=C(C=C5)C(=O)O,C1C2=CN=C(N=C2C3=C(C=C(C=C3)Cl)C(=N1)C4=C(C=CC=C4F)F)NC5=CC=C(C=C5)C(=O)O,"4-[[9-chloro-7-(2,6-difluorophenyl)-5H-pyrimido[5,4-d][2]benzazepin-2-yl]amino]benzoic acid","InChI=1S/C25H15ClF2N4O2/c26-15-6-9-17-18(10-15)23(21-19(27)2-1-3-20(21)28)29-11-14-12-30-25(32-22(14)17)31-16-7-4-13(5-8-16)24(33)34/h1-10,12H,11H2,(H,33,34)(H,30,31,32)",HHFBDROWDBDFBR-UHFFFAOYSA-N,5.2,476.0851598,476.0851598,87.5,755,0,2,8,4,34,0,0,0,0,0,1,10,344.9,15.89,4.05,2.46,4,1,1,1,5,0,4.2,AAADccB7sYAEAAAAAAAAAAAAAAAAAAAAAAA8YMEABAAAAAAB1AAAHwIQCAAADArBniw92JbIEgCoAzT3bACCgCk1B6AJ2CEobtiILrLB39GEdQhs0ANI2aeY2eOejAAAIAAQAAAYAABAACAAAAAAAAAAAA==
9915743,C30H29ClN6O3,557.0,CCOC1=C(C=C2C(=C1)N=CC(=C2NC3=CC(=C(C=C3)OCC4=CC=CC=N4)Cl)C#N)NC(=O)/C=C/CN(C)C,CCOC1=C(C=C2C(=C1)N=CC(=C2NC3=CC(=C(C=C3)OCC4=CC=CC=N4)Cl)C#N)NC(=O)C=CCN(C)C,CCOC1=C(C=C2C(=C1)N=CC(=C2NC3=CC(=C(C=C3)OCC4=CC=CC=N4)Cl)C#N)NC(=O)/C=C/CN(C)C,(E)-N-[4-[3-chloro-4-(pyridin-2-ylmethoxy)anilino]-3-cyano-7-ethoxyquinolin-6-yl]-4-(dimethylamino)but-2-enamide,"InChI=1S/C30H29ClN6O3/c1-4-39-28-16-25-23(15-26(28)36-29(38)9-7-13-37(2)3)30(20(17-32)18-34-25)35-21-10-11-27(24(31)14-21)40-19-22-8-5-6-12-33-22/h5-12,14-16,18H,4,13,19H2,1-3H3,(H,34,35)(H,36,38)/b9-7+",JWNPDZNEKVCWMY-VQHVLOKHSA-N,4.9,556.1989665,556.1989665,112,881,0,2,8,11,40,0,0,0,1,0,1,10,431.3,17.24,10.84,1.98,6,2,0,2,4,0,12,AAADceB7sAAEAAAAAAAAAAAAAAAAAAAAAAA8eIEAAAAAAACx/AAAHgIQAAAADA7hniY+xvPIFAC4BzV3VASiiCAxJ2AI2CA/b9gOpuPF89uHPCjm1BnY6Y+w0OMOIECAQgICGABAgQCEBAQwAAAAAAAAAA==
10461815,C32H34Cl2N4O4S,641.6,CC1=C(NC(=C1C(=O)N2CCC[C@@H]2CN3CCCC3)C)/C=C\4/C5=C(C=CC(=C5)S(=O)(=O)CC6=C(C=CC=C6Cl)Cl)NC4=O,CC1=C(NC(=C1C(=O)N2CCCC2CN3CCCC3)C)C=C4C5=C(C=CC(=C5)S(=O)(=O)CC6=C(C=CC=C6Cl)Cl)NC4=O,CC1=C(NC(=C1C(=O)N2CCC[C@@H]2CN3CCCC3)C)/C=C\4/C5=C(C=CC(=C5)S(=O)(=O)CC6=C(C=CC=C6Cl)Cl)NC4=O,"(3Z)-5-[(2,6-dichlorophenyl)methylsulfonyl]-3-[[3,5-dimethyl-4-[(2R)-2-(pyrrolidin-1-ylmethyl)pyrrolidine-1-carbonyl]-1H-pyrrol-2-yl]methylidene]-1H-indol-2-one","InChI=1S/C32H34Cl2N4O4S/c1-19-29(35-20(2)30(19)32(40)38-14-6-7-21(38)17-37-12-3-4-13-37)16-24-23-15-22(10-11-28(23)36-31(24)39)43(41,42)18-25-26(33)8-5-9-27(25)34/h5,8-11,15-16,21,35H,3-4,6-7,12-14,17-18H2,1-2H3,(H,36,39)/b24-16-/t21-/m1/s1",OYONTEXKYJZFHA-SSHUPFPWSA-N,5,640.1677821,640.1677821,111,1180,0,2,5,7,43,0,1,0,1,0,1,10,473.8,38.8,3.81,2.13,4,2,0,2,6,0,10.2,AAADcfB/uABGAAAAAAAAAAAAAAAAAWLFiwAwYAAAAAAAAFgB0AAAHgYQAAAADCrF3iSywZPJkAqoAyVyVHDCgCAlDzAImTk4ZtgIYHrh15GUIYhglgDoyccciICOgAQAgACDAAAACAEAAQYAAAAAAAAAAA==
176155,C21H16FN3OS,377.4,CS(=O)C1=CC=C(C=C1)C2=NC(=C(N2)C3=CC=NC=C3)C4=CC=C(C=C4)F,CS(=O)C1=CC=C(C=C1)C2=NC(=C(N2)C3=CC=NC=C3)C4=CC=C(C=C4)F,CS(=O)C1=CC=C(C=C1)C2=NC(=C(N2)C3=CC=NC=C3)C4=CC=C(C=C4)F,4-[4-(4-fluorophenyl)-2-(4-methylsulfinylphenyl)-1H-imidazol-5-yl]pyridine,"InChI=1S/C21H16FN3OS/c1-27(26)18-8-4-16(5-9-18)21-24-19(14-2-6-17(22)7-3-14)20(25-21)15-10-12-23-13-11-15/h2-13H,1H3,(H,24,25)",CDMGBJANTYXAIV-UHFFFAOYSA-N,3.2,377.09981148,377.09981148,77.9,500,0,1,5,4,27,0,0,1,0,0,1,5,292.2,16.04,4.23,1.17,2,1,0,1,4,0,4,AAADceB7IQBAAAAAAAAAAAAAAAAAAWAAAAA8YIAAAAAAAAAB9AAAHQQQAAAADAjBXwy/kZbJkAqgAzZnZEDCgC2xGrAJ2Tg4dJiIaOLgmZGUIAhogALIyCcQgMAOEAAAAAAAAAAgAAAAAAAAAAAAAAAAAA==
11485656,C21H18FN5O,375.4,CC1=CC(=C(C=C1)F)NC(=O)NC2=CC=C(C=C2)C3=C4C(=CC=C3)NN=C4N,CC1=CC(=C(C=C1)F)NC(=O)NC2=CC=C(C=C2)C3=C4C(=CC=C3)NN=C4N,CC1=CC(=C(C=C1)F)NC(=O)NC2=CC=C(C=C2)C3=C4C(=CC=C3)NN=C4N,1-[4-(3-amino-1H-indazol-4-yl)phenyl]-3-(2-fluoro-5-methylphenyl)urea,"InChI=1S/C21H18FN5O/c1-12-5-10-16(22)18(11-12)25-21(28)24-14-8-6-13(7-9-14)15-3-2-4-17-19(15)20(23)27-26-17/h2-11H,1H3,(H3,23,26,27)(H2,24,25,28)",MPVGZUGXCQEXTM-UHFFFAOYSA-N,3.9,375.14953838,375.14953838,95.8,541,0,4,4,3,28,0,0,0,0,0,1,10,287.8,24.5,1.77,1.57,1,4,0,1,4,0,5,AAADceB7oQAAAAAAAAAAAAAAAAAAAWAAAAAwYMAAAAAAAFgB9AAAHwAYAAAADAiBHggz8PLjAACqAyZicACSBAIhAgAcuSAwZJiIIKLA0dGEpAh4nAJIyCcQgMAOiAAAQAASAAAQAACAACQAAAAAAAAAAA==
3025986,C17H24N4O2S2,380.5,CC(C)(C)C1=CN=C(O1)CSC2=CN=C(S2)NC(=O)C3CCNCC3,CC(C)(C)C1=CN=C(O1)CSC2=CN=C(S2)NC(=O)C3CCNCC3,CC(C)(C)C1=CN=C(O1)CSC2=CN=C(S2)NC(=O)C3CCNCC3,"N-[5-[(5-tert-butyl-1,3-oxazol-2-yl)methylsulfanyl]-1,3-thiazol-2-yl]piperidine-4-carboxamide","InChI=1S/C17H24N4O2S2/c1-17(2,3)12-8-19-13(23-12)10-24-14-9-20-16(25-14)21-15(22)11-4-6-18-7-5-11/h8-9,11,18H,4-7,10H2,1-3H3,(H,20,21,22)",OUSFTKFNBAZUKL-UHFFFAOYSA-N,3,380.13406837,380.13406837,134,454,0,2,7,6,25,0,0,0,0,0,1,10,286.8,10.96,4.18,1.28,1,2,0,1,3,1,8.2,AAADceB7sABgAAAAAAAAAAAAAAAAAWLAAAAsAAAAAAAAAAAB4AAAHgQQAAAADwTF0gSvlRLIFEisAJF3dAQA+al7SDlBUI27QAiGIBJAiCAPCACIFwLwQCAUAAALAAAAAAAAAAAAAAAAAAAAAAAAAAAAAA==
11717001,C19H18N4O2,334.4,C1C/C(=N\O)/C2=C1C=C(C=C2)C3=CN(N=C3C4=CC=NC=C4)CCO,C1CC(=NO)C2=C1C=C(C=C2)C3=CN(N=C3C4=CC=NC=C4)CCO,C1C/C(=N\O)/C2=C1C=C(C=C2)C3=CN(N=C3C4=CC=NC=C4)CCO,"2-[4-[(1E)-1-hydroxyimino-2,3-dihydroinden-5-yl]-3-pyridin-4-ylpyrazol-1-yl]ethanol","InChI=1S/C19H18N4O2/c24-10-9-23-12-17(19(21-23)13-5-7-20-8-6-13)15-1-3-16-14(11-15)2-4-18(16)22-25/h1,3,5-8,11-12,24-25H,2,4,9-10H2/b22-18+",DEZZLWQELQORIU-RELWKKBWSA-N,1.7,334.14297583,334.14297583,83.5,480,0,2,5,4,25,0,0,0,1,0,1,10,261,10.47,4.16,1.55,4,1,1,0,4,0,4.4,AAADceB7sAAAAAAAAAAAAAAAAAAAAeIAAAA8QAAAAAAAAGAB8AAAHgAMCAAADAjhngY8gJIYEgCiAzRnRACShCAxgiAY2CA4ZJgKMOLA0dGEpAhgiADYyAcQgMAOwAACAAAQAACAAAQAACAAAAAACAAAAA==
25127112,C17H21N6O4P,404.4,C1CCC(C1)[C@@H](CC#N)N2C=C(C=N2)C3=C4C=CNC4=NC=N3.OP(=O)(O)O,C1CCC(C1)C(CC#N)N2C=C(C=N2)C3=C4C=CNC4=NC=N3.OP(=O)(O)O,C1CCC(C1)[C@@H](CC#N)N2C=C(C=N2)C3=C4C=CNC4=NC=N3.OP(=O)(O)O,"(3R)-3-cyclopentyl-3-[4-(7H-pyrrolo[2,3-d]pyrimidin-4-yl)pyrazol-1-yl]propanenitrile;phosphoric acid","InChI=1S/C17H18N6.H3O4P/c18-7-5-15(12-3-1-2-4-12)23-10-13(9-22-23)16-14-6-8-19-17(14)21-11-20-16;1-5(2,3)4/h6,8-12,15H,1-5H2,(H,19,20,21);(H3,1,2,3,4)/t15-;/m1./s1",JFMWPOCYMYGEDM-XFULWGLBSA-N,N/A,404.13619017,404.13619017,161,503,0,4,8,4,28,0,1,0,0,0,2,0,N/A,N/A,N/A,N/A,N/A,N/A,N/A,N/A,N/A,N/A,N/A,AAADceB7uAIAAAAAAAAAAAAAAAAAAeLEAAAsAAAAAAAAAFgB/gAAHAAYCCAADSjBHwQ9sN7JkBCyRzZnZICShCmxgqAZ2aA4ZJiIqOLA2dGEpAhomALIyC8QgIAOAAAAAAAAAAAAAAAAAAAAAAAAAAAAAA==
447077,C21H16Cl2N4OS,443.3,CN1C2=NC(=NC=C2C=C(C1=O)C3=C(C=CC=C3Cl)Cl)NC4=CC(=CC=C4)SC,CN1C2=NC(=NC=C2C=C(C1=O)C3=C(C=CC=C3Cl)Cl)NC4=CC(=CC=C4)SC,CN1C2=NC(=NC=C2C=C(C1=O)C3=C(C=CC=C3Cl)Cl)NC4=CC(=CC=C4)SC,"6-(2,6-dichlorophenyl)-8-methyl-2-(3-methylsulfanylanilino)pyrido[2,3-d]pyrimidin-7-one","InChI=1S/C21H16Cl2N4OS/c1-27-19-12(9-15(20(27)28)18-16(22)7-4-8-17(18)23)11-24-21(26-19)25-13-5-3-6-14(10-13)29-2/h3-11H,1-2H3,(H,24,25,26)",VAARYSWULJUGST-UHFFFAOYSA-N,5.4,442.0421877,442.0421877,83.4,626,0,1,5,4,29,0,0,0,0,0,1,10,324.3,18.46,2.73,1.57,1,1,0,1,4,1,4,AAADceB7oABGAAAAAAAAAAAAAAAAAAAAAAA8YIEAAAAAAACB0AAAHgYQAAAADArB2iS/8ZfIEAioAjd3dACCgCkxD7AJ2DkoZtiIKLLh39GEJAxolwLIyacYiICOAAAAACCBAAAAAAAAQQIAAAAAAAAAAA==
123631,C22H24ClFN4O3,446.9,COC1=C(C=C2C(=C1)N=CN=C2NC3=CC(=C(C=C3)F)Cl)OCCCN4CCOCC4,COC1=C(C=C2C(=C1)N=CN=C2NC3=CC(=C(C=C3)F)Cl)OCCCN4CCOCC4,COC1=C(C=C2C(=C1)N=CN=C2NC3=CC(=C(C=C3)F)Cl)OCCCN4CCOCC4,N-(3-chloro-4-fluorophenyl)-7-methoxy-6-(3-morpholin-4-ylpropoxy)quinazolin-4-amine,"InChI=1S/C22H24ClFN4O3/c1-29-20-13-19-16(12-21(20)31-8-2-5-28-6-9-30-10-7-28)22(26-14-25-19)27-15-3-4-18(24)17(23)11-15/h3-4,11-14H,2,5-10H2,1H3,(H,25,26,27)",XGALLCVXEZPNRQ-UHFFFAOYSA-N,4.1,446.1520965,446.1520965,68.7,545,0,1,8,8,31,0,0,0,0,0,1,10,331.7,10.99,6.39,1.35,3,1,0,3,4,0,9.2,AAADceB7sQAEAAAAAAAAAAAAAAAAAAAAAAA8eIEAAAAAAACx9AAAHwIQAAAADA7hni439vfIFACgAyZjZACCiCkxJ6AJ2CA+7piPLuLF+9uHPCru0Bva6Cew0BMOIEABAgICQABAgAIEBASAAAAAAAAAAA==
126565,C26H21N3O4,439.5,C[C@@]12[C@](C[C@@H](O1)N3C4=CC=CC=C4C5=C6C(=C7C8=CC=CC=C8N2C7=C53)CNC6=O)(CO)O,CC12C(CC(O1)N3C4=CC=CC=C4C5=C6C(=C7C8=CC=CC=C8N2C7=C53)CNC6=O)(CO)O,C[C@@]12[C@](C[C@@H](O1)N3C4=CC=CC=C4C5=C6C(=C7C8=CC=CC=C8N2C7=C53)CNC6=O)(CO)O,"(15S,16S,18R)-16-hydroxy-16-(hydroxymethyl)-15-methyl-28-oxa-4,14,19-triazaoctacyclo[12.11.2.115,18.02,6.07,27.08,13.019,26.020,25]octacosa-1,6,8,10,12,20,22,24,26-nonaen-3-one","InChI=1S/C26H21N3O4/c1-25-26(32,12-30)10-18(33-25)28-16-8-4-2-6-13(16)20-21-15(11-27-24(21)31)19-14-7-3-5-9-17(14)29(25)23(19)22(20)28/h2-9,18,30,32H,10-12H2,1H3,(H,27,31)/t18-,25+,26+/m1/s1",UIARLYUEJFELEN-LROUJFHJSA-N,2.2,439.15320616,439.15320616,88.7,886,0,3,4,1,33,0,3,0,0,0,1,1,321.7,8.06,6.21,1.02,4,3,0,2,8,0,2,AAADceB7OAAAAAAAAAAAAAAAAAAAAWLFiQAwYMAABYAWAFix/gAAHgAQCAAADEzhngYywPPMFgCoAyVyVACCgCQlEiAI2KE4dNgLcPLAlZGeYQhnhgDbyQf8icCeyAACQAASACCQAASAACQAQAAAAAAAAA==
44150621,C24H29FN6O5,500.5,CC(C(=O)O)O.CN1CCN(CC1)C2=CC3=C(C=C2)N/C(=C\4/C(=C5C(=NC4=O)C=CC=C5F)N)/N3.O,CC(C(=O)O)O.CN1CCN(CC1)C2=CC3=C(C=C2)NC(=C4C(=C5C(=NC4=O)C=CC=C5F)N)N3.O,CC(C(=O)O)O.CN1CCN(CC1)C2=CC3=C(C=C2)N/C(=C\4/C(=C5C(=NC4=O)C=CC=C5F)N)/N3.O,"(3E)-4-amino-5-fluoro-3-[5-(4-methylpiperazin-1-yl)-1,3-dihydrobenzimidazol-2-ylidene]quinolin-2-one;2-hydroxypropanoic acid;hydrate","InChI=1S/C21H21FN6O.C3H6O3.H2O/c1-27-7-9-28(10-8-27)12-5-6-14-16(11-12)25-20(24-14)18-19(23)17-13(22)3-2-4-15(17)26-21(18)29;1-2(4)3(5)6;/h2-6,11,24-25H,7-10,23H2,1H3;2,4H,1H3,(H,5,6);1H2/b20-18+;;",NOGSKCDVWBOZAQ-VIPPSAFOSA-N,N/A,500.21834621,500.21834621,145,952,0,6,11,2,36,0,0,1,1,0,3,0,N/A,N/A,N/A,N/A,N/A,N/A,N/A,N/A,N/A,N/A,N/A,AAADceB7uQAAAAAAAAAAAAAAAAAAAWAAAAA8QIEAAAAAAFiBAAAAHwAQCAAADBzhkAYzyIPAAgCoAyXyXAKCAAAhAgAIiAF4dNiJcCrA0dGUYAhokALJyGcQAAAAAACAAAQAACAAAQAACAAAQAAAAAAAAA==
10127622,C17H15BrClFN4O3,457.7,CN1C=NC2=C1C=C(C(=C2F)NC3=C(C=C(C=C3)Br)Cl)C(=O)NOCCO,CN1C=NC2=C1C=C(C(=C2F)NC3=C(C=C(C=C3)Br)Cl)C(=O)NOCCO,CN1C=NC2=C1C=C(C(=C2F)NC3=C(C=C(C=C3)Br)Cl)C(=O)NOCCO,6-(4-bromo-2-chloroanilino)-7-fluoro-N-(2-hydroxyethoxy)-3-methylbenzimidazole-5-carboxamide,"InChI=1S/C17H15BrClFN4O3/c1-24-8-21-16-13(24)7-10(17(26)23-27-5-4-25)15(14(16)20)22-12-3-2-9(18)6-11(12)19/h2-3,6-8,22,25H,4-5H2,1H3,(H,23,26)",CYOHGALHFOKKQC-UHFFFAOYSA-N,3.6,456.00001,456.00001,88.4,523,0,3,6,6,27,0,0,0,0,0,1,10,296.3,11.66,6.78,1,2,3,0,2,3,1,7,AAADccB7sQAEEAAAAAAAAAAAAAAAAWAAAAAwYAAAAAAAAFgB9AAAHwJUCAABrAqhni430LfcEgCoAyVzdACCgC01F6Qp2CE4dviJePrB39HUJYhokALJy/cciQCeCACgQARCADAQAUCACIQAYAAAAAAAAA==
10427712,C18H14N6O2,346.3,C1=CC(=CC(=C1)O)C2=NC3=C(N=C(N=C3N=C2C4=CC(=CC=C4)O)N)N,C1=CC(=CC(=C1)O)C2=NC3=C(N=C(N=C3N=C2C4=CC(=CC=C4)O)N)N,C1=CC(=CC(=C1)O)C2=NC3=C(N=C(N=C3N=C2C4=CC(=CC=C4)O)N)N,"3-[2,4-diamino-7-(3-hydroxyphenyl)pteridin-6-yl]phenol","InChI=1S/C18H14N6O2/c19-16-15-17(24-18(20)23-16)22-14(10-4-2-6-12(26)8-10)13(21-15)9-3-1-5-11(25)7-9/h1-8,25-26H,(H4,19,20,22,23,24)",UJIAQDJKSXQLIT-UHFFFAOYSA-N,1.7,346.11782371,346.11782371,144,483,0,4,8,2,26,0,0,0,0,0,1,10,256.1,8.9,4.51,1.37,2,4,0,2,4,0,2,AAADccB7sAAAAAAAAAAAAAAAAAAAAAAAAAA8eIEAAAAAAACx/AAAHgAQCAAADAyBnwAx9r5IEgCgAyZiZACCgC0hMKAJmCAmXJiIbuLC2VOUdAhswBPI2Cew0PMOAAABAAAAAAAAAAIAAAAAAAAAAAAAAA==
24779724,C18H13N7S,359.4,CN1C=C(C=N1)C2=NN3C(=NN=C3SC4=CC5=C(C=C4)N=CC=C5)C=C2,CN1C=C(C=N1)C2=NN3C(=NN=C3SC4=CC5=C(C=C4)N=CC=C5)C=C2,CN1C=C(C=N1)C2=NN3C(=NN=C3SC4=CC5=C(C=C4)N=CC=C5)C=C2,"6-[[6-(1-methylpyrazol-4-yl)-[1,2,4]triazolo[4,3-b]pyridazin-3-yl]sulfanyl]quinoline","InChI=1S/C18H13N7S/c1-24-11-13(10-20-24)16-6-7-17-21-22-18(25(17)23-16)26-14-4-5-15-12(9-14)3-2-8-19-15/h2-11H,1H3",BCZUAADEACICHN-UHFFFAOYSA-N,2.4,359.09531462,359.09531462,99.1,494,0,0,6,3,26,0,0,0,0,0,1,10,270.9,20.24,2.55,1.18,3,0,0,2,5,0,3,AAADccB7gABAAAAAAAAAAAAAAAAAAWLAAAA8WIAAAAAAAFix/gAAHAQIAAAADAjBXwQ/8f4IEAiiAzZnZACS1CtxirAd2Dg4ZJiIKOLg2dGEpAhgiALIyCcQgIAOAAQAgAACAAAACAEAAAQAAAAAAAAAAA==
16007391,C26H30FN7O3,507.6,CCN(CCCOC1=CC2=C(C=C1)C(=NC=N2)NC3=NNC(=C3)CC(=O)NC4=CC(=CC=C4)F)CCO,CCN(CCCOC1=CC2=C(C=C1)C(=NC=N2)NC3=NNC(=C3)CC(=O)NC4=CC(=CC=C4)F)CCO,CCN(CCCOC1=CC2=C(C=C1)C(=NC=N2)NC3=NNC(=C3)CC(=O)NC4=CC(=CC=C4)F)CCO,2-[3-[[7-[3-[ethyl(2-hydroxyethyl)amino]propoxy]quinazolin-4-yl]amino]-1H-pyrazol-5-yl]-N-(3-fluorophenyl)acetamide,"InChI=1S/C26H30FN7O3/c1-2-34(10-11-35)9-4-12-37-21-7-8-22-23(16-21)28-17-29-26(22)31-24-14-20(32-33-24)15-25(36)30-19-6-3-5-18(27)13-19/h3,5-8,13-14,16-17,35H,2,4,9-12,15H2,1H3,(H,30,36)(H2,28,29,31,32,33)",QYZOGCMHVIGURT-UHFFFAOYSA-N,3,507.23941601,507.23941601,128,693,0,4,9,13,37,0,0,0,0,0,1,10,390,43.12,3.76,2.37,3,4,0,4,4,0,14,AAADceB7sQAAAAAAAAAAAAAAAAAAAWAAAAA8YIAAAAAAAACx/AAAHwAYCAAADAzhng439vfrFgCqAydzdACSjCsxIqAd+SE+bJiOPvrE/duGvCj+3BvY6CeY0QMOIAAAAgACAABAAAAEAAQAAAAAAAAAAA==
4908365,C14H16ClN3O,277.75,CN1CCN(CC1)C(=O)C2=CC3=C(N2)C=CC(=C3)Cl,CN1CCN(CC1)C(=O)C2=CC3=C(N2)C=CC(=C3)Cl,CN1CCN(CC1)C(=O)C2=CC3=C(N2)C=CC(=C3)Cl,(5-chloro-1H-indol-2-yl)-(4-methylpiperazin-1-yl)methanone,"InChI=1S/C14H16ClN3O/c1-17-4-6-18(7-5-17)14(19)13-9-10-8-11(15)2-3-12(10)16-13/h2-3,8-9,16H,4-7H2,1H3",HUQJRYMLJBBEDO-UHFFFAOYSA-N,2.3,277.0981898,277.0981898,39.3,344,0,1,2,1,19,0,0,0,0,0,1,10,209.6,12.79,1.81,0.94,1,1,0,2,3,0,3.2,AAADceBzIAAEAAAAAAAAAAAAAAAAAWAAAAA8QAAAAAAAAFgB8AAAHgIQAAAADArBniQywPPJkACoAyVyVACCgCAnByAImSG4ZtgIYPLBl7GUIQhglgDIyYcYiYCeAABAIAACAAAAAIBAAAQAAAAAAAAAAA==
11338033,C16H17Cl2N5O2,382.2,C1CNCCC1NC(=O)C2=C(C=NN2)NC(=O)C3=C(C=CC=C3Cl)Cl,C1CNCCC1NC(=O)C2=C(C=NN2)NC(=O)C3=C(C=CC=C3Cl)Cl,C1CNCCC1NC(=O)C2=C(C=NN2)NC(=O)C3=C(C=CC=C3Cl)Cl,"4-[(2,6-dichlorobenzoyl)amino]-N-piperidin-4-yl-1H-pyrazole-5-carboxamide","InChI=1S/C16H17Cl2N5O2/c17-10-2-1-3-11(18)13(10)15(24)22-12-8-20-23-14(12)16(25)21-9-4-6-19-7-5-9/h1-3,8-9,19H,4-7H2,(H,20,23)(H,21,25)(H,22,24)",OVPNQJVDAFNBDN-UHFFFAOYSA-N,2.6,381.0759302,381.0759302,98.9,479,0,4,4,4,25,0,0,0,0,0,1,10,269.8,15.03,2.82,1.79,3,4,0,1,3,0,7.2,AAADceB7sAAGAAAAAAAAAAAAAAAAAWAAAAA8QAAAAAAAAAABwAAAHgIYAAAADCrBniQ8wJLjAACqAzV3UACSBAAnlwAYuaGodtgIYLrB19GUpYhgngDIzUcciACOAAAAAACBAAAAAAAAAQIAAAAAAAAAAA==
11656518,C24H16F6N6O,518.4,CN1C2=C(C=C(C=C2)OC3=CC(=NC=C3)C4=NC=C(N4)C(F)(F)F)N=C1NC5=CC=C(C=C5)C(F)(F)F,CN1C2=C(C=C(C=C2)OC3=CC(=NC=C3)C4=NC=C(N4)C(F)(F)F)N=C1NC5=CC=C(C=C5)C(F)(F)F,CN1C2=C(C=C(C=C2)OC3=CC(=NC=C3)C4=NC=C(N4)C(F)(F)F)N=C1NC5=CC=C(C=C5)C(F)(F)F,1-methyl-5-[2-[5-(trifluoromethyl)-1H-imidazol-2-yl]pyridin-4-yl]oxy-N-[4-(trifluoromethyl)phenyl]benzimidazol-2-amine,"InChI=1S/C24H16F6N6O/c1-36-19-7-6-15(10-17(19)34-22(36)33-14-4-2-13(3-5-14)23(25,26)27)37-16-8-9-31-18(11-16)21-32-12-20(35-21)24(28,29)30/h2-12H,1H3,(H,32,35)(H,33,34)",YABJJWZLRMPFSI-UHFFFAOYSA-N,5.4,518.12897813,518.12897813,80.7,763,0,2,11,5,37,0,0,0,0,0,1,10,365,30.22,4.09,2.09,2,2,0,2,5,0,7,AAADceB7ocAAAAAAAAAAAAAAAAAAAWLAAAA8YIAAAAAAAFgB/gAAHwAQAAAADAzBnxQ/1rfNlACgAzZnZACCiC2xMqAJ2SA+fJiMbuLEuZuWOCju0BvI6Cew0AMOCEAAAgAAACAQgAAEAAAAQAAAAAAAAA==
9809715,C31H33N5O4,539.6,CN1CCN(CC1)CC(=O)N(C)C2=CC=C(C=C2)N/C(=C\3/C4=C(C=C(C=C4)C(=O)OC)NC3=O)/C5=CC=CC=C5,CN1CCN(CC1)CC(=O)N(C)C2=CC=C(C=C2)NC(=C3C4=C(C=C(C=C4)C(=O)OC)NC3=O)C5=CC=CC=C5,CN1CCN(CC1)CC(=O)N(C)C2=CC=C(C=C2)N/C(=C\3/C4=C(C=C(C=C4)C(=O)OC)NC3=O)/C5=CC=CC=C5,methyl (3Z)-3-[[4-[methyl-[2-(4-methylpiperazin-1-yl)acetyl]amino]anilino]-phenylmethylidene]-2-oxo-1H-indole-6-carboxylate,"InChI=1S/C31H33N5O4/c1-34-15-17-36(18-16-34)20-27(37)35(2)24-12-10-23(11-13-24)32-29(21-7-5-4-6-8-21)28-25-14-9-22(31(39)40-3)19-26(25)33-30(28)38/h4-14,19,32H,15-18,20H2,1-3H3,(H,33,38)/b29-28-",XZXHXSATPCNXJR-ZIADKAODSA-N,3.3,539.25325455,539.25325455,94.2,947,0,2,7,8,40,0,0,0,1,0,1,10,423.1,32.95,3.66,1.35,3,2,0,3,5,0,10.4,AAADcfB7uAAAAAAAAAAAAAAAAAAAAWAAAAA8YMEAAAAAAFgBUAAAHgAQAAAADAjBmAYyyIPABACIAiXSWACCAAAlAgAIiAGIbMgIZjLAtbmUMQhk1gHI6ce8yPCOQACAQAACAACAAQCAAAQAAAAAAAAAAA==
9929127,C19H15ClN4O2,366.8,CC1=C(C=CC=N1)C(=O)NC2=C3C(=CC(=C2OC)Cl)C4=C(N3)C=NC=C4,CC1=C(C=CC=N1)C(=O)NC2=C3C(=CC(=C2OC)Cl)C4=C(N3)C=NC=C4,CC1=C(C=CC=N1)C(=O)NC2=C3C(=CC(=C2OC)Cl)C4=C(N3)C=NC=C4,"N-(6-chloro-7-methoxy-9H-pyrido[3,4-b]indol-8-yl)-2-methylpyridine-3-carboxamide","InChI=1S/C19H15ClN4O2/c1-10-11(4-3-6-22-10)19(25)24-17-16-13(8-14(20)18(17)26-2)12-5-7-21-9-15(12)23-16/h3-9,23H,1-2H3,(H,24,25)",ZNOLRTPMNMPLHY-UHFFFAOYSA-N,3.1,366.0883534,366.0883534,79.9,522,0,2,4,3,26,0,0,0,0,0,1,8,272,10.78,4.79,0.99,4,2,0,1,4,0,4,AAADccB7sAAEAAAAAAAAAAAAAAAAAWAAAAA8WIAAAAAAAFgB/gAAHgIQAAAADA7BniY+xvLJlACoAzV3VACCiCQ1N2AI2SE9f9gOZvvF95uVMahm1BnY6ceY0fMOoABAYgICGCBAAIDEBAQwQAAAAAAAAA==
16038120,C30H40ClN7O3S,614.2,CC(C)S(=O)(=O)C1=CC=CC=C1NC2=NC(=NC=C2Cl)NC3=C(C=C(C=C3)N4CCC(CC4)N5CCN(CC5)C)OC,CC(C)S(=O)(=O)C1=CC=CC=C1NC2=NC(=NC=C2Cl)NC3=C(C=C(C=C3)N4CCC(CC4)N5CCN(CC5)C)OC,CC(C)S(=O)(=O)C1=CC=CC=C1NC2=NC(=NC=C2Cl)NC3=C(C=C(C=C3)N4CCC(CC4)N5CCN(CC5)C)OC,"5-chloro-2-N-[2-methoxy-4-[4-(4-methylpiperazin-1-yl)piperidin-1-yl]phenyl]-4-N-(2-propan-2-ylsulfonylphenyl)pyrimidine-2,4-diamine","InChI=1S/C30H40ClN7O3S/c1-21(2)42(39,40)28-8-6-5-7-26(28)33-29-24(31)20-32-30(35-29)34-25-10-9-23(19-27(25)41-4)37-13-11-22(12-14-37)38-17-15-36(3)16-18-38/h5-10,19-22H,11-18H2,1-4H3,(H2,32,33,34,35)",QQWUGDVOUVUTOY-UHFFFAOYSA-N,5.7,613.2601870,613.2601870,111,940,0,2,10,9,42,0,0,0,0,0,1,10,464.6,25.59,6.78,1.88,3,2,0,4,5,1,11.4,AAADcfB7sABEAAAAAAAAAAAAAAAAAAAAAAA8eLECAAAAAAAB0AAAHgYQAAAACC7F0ia/95fIFAqgADZnZHDCiCkxK7AJ2DwvbJiObuLk+dvVNChu0Bv46CeQUAMAAACAAgAAEQAAAQAEAAAiAAAAAAAAAA==
11617559,C20H22N4O3,366.4,COC1=CC=C(C=C1)COC2=C(C=C(C=C2)CC3=CN=C(N=C3N)N)OC,COC1=CC=C(C=C1)COC2=C(C=C(C=C2)CC3=CN=C(N=C3N)N)OC,COC1=CC=C(C=C1)COC2=C(C=C(C=C2)CC3=CN=C(N=C3N)N)OC,"5-[[3-methoxy-4-[(4-methoxyphenyl)methoxy]phenyl]methyl]pyrimidine-2,4-diamine","InChI=1S/C20H22N4O3/c1-25-16-6-3-13(4-7-16)12-27-17-8-5-14(10-18(17)26-2)9-15-11-23-20(22)24-19(15)21/h3-8,10-11H,9,12H2,1-2H3,(H4,21,22,23,24)",MYQAUKPBNJWPIE-UHFFFAOYSA-N,2.6,366.16919058,366.16919058,106,433,0,2,7,7,27,0,0,0,0,0,1,10,284.1,22.32,1.93,1.32,3,2,0,1,3,0,7,AAADceB7sAAAAAAAAAAAAAAAAAAAAAAAAAA8YIAAAAAAAAAB0AAAHgAQAAAADAThmgY/tpZIFACgAjJnZACCiCkxIKAJ2CAuzJiNLqLE+VqGPCqswBNK6CeQ4PwOIAABAAAAQABAAAIAAACAAAAAAAAAAA==
17755052,C23H27N7O3S2,513.6,CS(=O)(=O)N1CCN(CC1)CC2=CC3=C(S2)C(=NC(=N3)C4=C5C=NNC5=CC=C4)N6CCOCC6,CS(=O)(=O)N1CCN(CC1)CC2=CC3=C(S2)C(=NC(=N3)C4=C5C=NNC5=CC=C4)N6CCOCC6,CS(=O)(=O)N1CCN(CC1)CC2=CC3=C(S2)C(=NC(=N3)C4=C5C=NNC5=CC=C4)N6CCOCC6,"4-[2-(1H-indazol-4-yl)-6-[(4-methylsulfonylpiperazin-1-yl)methyl]thieno[3,2-d]pyrimidin-4-yl]morpholine","InChI=1S/C23H27N7O3S2/c1-35(31,32)30-7-5-28(6-8-30)15-16-13-20-21(34-16)23(29-9-11-33-12-10-29)26-22(25-20)17-3-2-4-19-18(17)14-24-27-19/h2-4,13-14H,5-12,15H2,1H3,(H,24,27)",LHNIIDJUOCFXAP-UHFFFAOYSA-N,1.6,513.16168010,513.16168010,144,831,0,1,10,5,35,0,0,0,0,0,1,10,376.5,19.64,6.4,2.04,4,1,0,3,6,0,7.4,AAADceB7sABgAAAAAAAAAAAAAAAAAWJAAAA8WLEAAAAAAFgB/gAAHgQYQAAADAjh3wa/8fdrFAqmAzZnZHCTpKkhirBZuTw4ZJiKaKLg2dGXpAxomAL4yCcQgIAOgAAAQAASAAAAAACAACQAAAAAAAAAAA==
3081361,C22H24BrFN4O2,475.4,CN1CCC(CC1)COC2=C(C=C3C(=C2)N=CN=C3NC4=C(C=C(C=C4)Br)F)OC,CN1CCC(CC1)COC2=C(C=C3C(=C2)N=CN=C3NC4=C(C=C(C=C4)Br)F)OC,CN1CCC(CC1)COC2=C(C=C3C(=C2)N=CN=C3NC4=C(C=C(C=C4)Br)F)OC,N-(4-bromo-2-fluorophenyl)-6-methoxy-7-[(1-methylpiperidin-4-yl)methoxy]quinazolin-4-amine,"InChI=1S/C22H24BrFN4O2/c1-28-7-5-14(6-8-28)12-30-21-11-19-16(10-20(21)29-2)22(26-13-25-19)27-18-4-3-15(23)9-17(18)24/h3-4,9-11,13-14H,5-8,12H2,1-2H3,(H,25,26,27)",UHTHHESEBZOYNR-UHFFFAOYSA-N,4.9,474.10667,474.10667,59.5,539,0,1,7,6,30,0,0,0,0,0,1,10,332.4,25.15,2.76,1.16,2,1,0,3,4,1,7.2,AAADceB7sQAAEAAAAAAAAAAAAAAAAAAAAAA8eIEAAAAAAACx9AAAHwBQAAABrQzhng439vfIFACgAyZjZACCiCkxIqQJ2CA+7LiNLuLE+duGPCru0BvK6jew0BMOIEAhAgACQABAgEIEAASAAAAAAAAAAA==
9926054,C14H18ClN5,291.78,CC1=CC2=C(C=C1)N=C(C3=NC=C(N23)C)NCCN.Cl,CC1=CC2=C(C=C1)N=C(C3=NC=C(N23)C)NCCN.Cl,CC1=CC2=C(C=C1)N=C(C3=NC=C(N23)C)NCCN.Cl,"N'-(1,8-dimethylimidazo[1,2-a]quinoxalin-4-yl)ethane-1,2-diamine;hydrochloride","InChI=1S/C14H17N5.ClH/c1-9-3-4-11-12(7-9)19-10(2)8-17-14(19)13(18-11)16-6-5-15;/h3-4,7-8H,5-6,15H2,1-2H3,(H,16,18);1H",MIDKPVLYXNLFGZ-UHFFFAOYSA-N,N/A,291.1250733,291.1250733,68.2,310,0,3,4,3,20,0,0,0,0,0,2,0,N/A,N/A,N/A,N/A,N/A,N/A,N/A,N/A,N/A,N/A,N/A,AAADceBzgAAEAAAAAAAAAAAAAAAAAWAAAAA8QAAAAAAAAFix8AAAHAAQAAAADAjBHwQ/8L/MGACgAzZnZACCgC0xEqAJ2KA4dJiIaOLAmZGUIAhokALIyCcQgAAOCAAAQAAAACAQAACAAAAAQAAAAAAAAA==
6918454,C17H14ClF2IN2O2,478.7,C1CC1CONC(=O)C2=C(C(=C(C=C2)F)F)NC3=C(C=C(C=C3)I)Cl,C1CC1CONC(=O)C2=C(C(=C(C=C2)F)F)NC3=C(C=C(C=C3)I)Cl,C1CC1CONC(=O)C2=C(C(=C(C=C2)F)F)NC3=C(C=C(C=C3)I)Cl,"2-(2-chloro-4-iodoanilino)-N-(cyclopropylmethoxy)-3,4-difluorobenzamide","InChI=1S/C17H14ClF2IN2O2/c18-12-7-10(21)3-6-14(12)22-16-11(4-5-13(19)15(16)20)17(24)23-25-8-9-1-2-9/h3-7,9,22H,1-2,8H2,(H,23,24)",GFMMXOIFOQCCGU-UHFFFAOYSA-N,5.6,477.97566,477.97566,50.4,472,0,2,5,6,25,0,0,0,0,0,1,10,284.9,15.49,4.57,1.12,1,2,0,1,2,1,7.6,AAADccB7MYAEAgAAAAAAAAAAGAAAAAAAAAAwYAAAAAAAAAABQAAAHwI0AAAADQqjmCowwILQAACIAiVSUACCAAAlBwAoiAEAZsgIIHrB15HEIYhkkADIyccYiACOAAAAAAACABAAAAAAAAQAIAAAAAAAAA==
5287969,C21H20ClNO5,401.8,CN1CC[C@@H]([C@@H](C1)O)C2=C(C=C(C3=C2OC(=CC3=O)C4=CC=CC=C4Cl)O)O,CN1CCC(C(C1)O)C2=C(C=C(C3=C2OC(=CC3=O)C4=CC=CC=C4Cl)O)O,CN1CC[C@@H]([C@@H](C1)O)C2=C(C=C(C3=C2OC(=CC3=O)C4=CC=CC=C4Cl)O)O,"2-(2-chlorophenyl)-5,7-dihydroxy-8-[(3S,4R)-3-hydroxy-1-methylpiperidin-4-yl]chromen-4-one","InChI=1S/C21H20ClNO5/c1-23-7-6-12(17(27)10-23)19-14(24)8-15(25)20-16(26)9-18(28-21(19)20)11-4-2-3-5-13(11)22/h2-5,8-9,12,17,24-25,27H,6-7,10H2,1H3/t12-,17+/m0/s1",BIIVYFLTOXDAOV-YVEFUNNKSA-N,3.3,401.1030004,401.1030004,90.2,628,0,3,6,2,28,0,2,0,0,0,1,7,294.3,7.27,5.97,1.38,3,3,0,1,4,0,3.2,AAADceB6OAAEAAAAAAAAAAAAAAAAAAAAAAA8YIEAAAAAAACBQAAAHgIACAAADRbhmCYyBoMABgCIAqBSAAACCAAkJQAIiAEOCsgONzaHtxqGeWCl4BWYuQf4/P7OoAACCAAJAABAAAQQABIAAAAAAAAAAA==
176167,C32H29N5O2,515.6,CN1C=C(C2=CC=CC=C21)C3=C(C(=O)NC3=O)C4=CN(C5=CC=CC=C54)C6CCN(CC6)CC7=CC=CC=N7,CN1C=C(C2=CC=CC=C21)C3=C(C(=O)NC3=O)C4=CN(C5=CC=CC=C54)C6CCN(CC6)CC7=CC=CC=N7,CN1C=C(C2=CC=CC=C21)C3=C(C(=O)NC3=O)C4=CN(C5=CC=CC=C54)C6CCN(CC6)CC7=CC=CC=N7,"3-(1-methylindol-3-yl)-4-[1-[1-(pyridin-2-ylmethyl)piperidin-4-yl]indol-3-yl]pyrrole-2,5-dione","InChI=1S/C32H29N5O2/c1-35-19-25(23-9-2-4-11-27(23)35)29-30(32(39)34-31(29)38)26-20-37(28-12-5-3-10-24(26)28)22-13-16-36(17-14-22)18-21-8-6-7-15-33-21/h2-12,15,19-20,22H,13-14,16-18H2,1H3,(H,34,38,39)",AXRCEOKUDYDWLF-UHFFFAOYSA-N,3.7,515.23212518,515.23212518,72.2,974,0,1,4,5,39,0,0,0,0,0,1,10,405.1,17.97,5.18,3.11,3,1,0,3,7,0,6.4,AAADceB/sAAAAAAAAAAAAAAAAAAAAWLEAAA8eIEAAAAAAFgB/gAAHgAQAAAADCjBngQ+wPPMEACoAzV3VACCgCAxAiAI2CE4ZNgIYPLA1ZGUIAhghCDIyQccicCegAAAAAACAAAAAAAAAAQAAAAAAAAAAA==
176870,C22H23N3O4,393.4,COCCOC1=C(C=C2C(=C1)C(=NC=N2)NC3=CC=CC(=C3)C#C)OCCOC,COCCOC1=C(C=C2C(=C1)C(=NC=N2)NC3=CC=CC(=C3)C#C)OCCOC,COCCOC1=C(C=C2C(=C1)C(=NC=N2)NC3=CC=CC(=C3)C#C)OCCOC,"N-(3-ethynylphenyl)-6,7-bis(2-methoxyethoxy)quinazolin-4-amine","InChI=1S/C22H23N3O4/c1-4-16-6-5-7-17(12-16)25-22-18-13-20(28-10-8-26-2)21(29-11-9-27-3)14-19(18)23-15-24-22/h1,5-7,12-15H,8-11H2,2-3H3,(H,23,24,25)",AAKJLRGGTJKAMG-UHFFFAOYSA-N,3.3,393.16885622,393.16885622,74.7,525,0,1,7,11,29,0,0,0,0,0,1,10,308.9,18.56,3.67,1.58,4,1,0,2,3,1,10,AAADceB7OAAAAAAAAAAAAAAAAAAAAAAAAAA8YIAAAAAAAACx9AAAHgAQAAAADAyhngY39vbIFADgGyZjZAiCiCkxIqAJ2CA+7JiNLuLE+duGPCru0BvK6Cew0BMOIEABQgACQABAgAKEAASAAAAAAAAAAA==
9884685,C19H16N4O3,348.4,C1COCCN1C2=NC(=NC3=C2OC4=C3C=CC=N4)C5=CC(=CC=C5)O,C1COCCN1C2=NC(=NC3=C2OC4=C3C=CC=N4)C5=CC(=CC=C5)O,C1COCCN1C2=NC(=NC3=C2OC4=C3C=CC=N4)C5=CC(=CC=C5)O,"3-(6-morpholin-4-yl-8-oxa-3,5,10-triazatricyclo[7.4.0.02,7]trideca-1(9),2(7),3,5,10,12-hexaen-4-yl)phenol","InChI=1S/C19H16N4O3/c24-13-4-1-3-12(11-13)17-21-15-14-5-2-6-20-19(14)26-16(15)18(22-17)23-7-9-25-10-8-23/h1-6,11,24H,7-10H2",TUVCWJQQGGETHL-UHFFFAOYSA-N,2.7,348.12224039,348.12224039,84.5,489,0,1,7,2,26,0,0,0,0,0,1,10,258.8,9.63,6.46,0.81,3,1,0,2,5,0,3.2,AAADceB7sAAAAAAAAAAAAAAAAAAAASAAAAA8WLEAAAAAAFgB/gAAHgAACAAADAzhnwY99vcIFkCoA7d3dASCiCk/YqAJ2CG/bNiOLvrG/fuPfajuxhvY+ee82RIOAAABAAAAAAAAAAIAAAAAAAAAAAAAAA==
3038522,C31H42N6O4,562.7,CC(C)OC1=CC=C(C=C1)NC(=O)N2CCN(CC2)C3=NC=NC4=CC(=C(C=C43)OC)OCCCN5CCCCC5,CC(C)OC1=CC=C(C=C1)NC(=O)N2CCN(CC2)C3=NC=NC4=CC(=C(C=C43)OC)OCCCN5CCCCC5,CC(C)OC1=CC=C(C=C1)NC(=O)N2CCN(CC2)C3=NC=NC4=CC(=C(C=C43)OC)OCCCN5CCCCC5,4-[6-methoxy-7-(3-piperidin-1-ylpropoxy)quinazolin-4-yl]-N-(4-propan-2-yloxyphenyl)piperazine-1-carboxamide,"InChI=1S/C31H42N6O4/c1-23(2)41-25-10-8-24(9-11-25)34-31(38)37-17-15-36(16-18-37)30-26-20-28(39-3)29(21-27(26)32-22-33-30)40-19-7-14-35-12-5-4-6-13-35/h8-11,20-23H,4-7,12-19H2,1-3H3,(H,34,38)",UXXQOJXBIDBUAC-UHFFFAOYSA-N,4.6,562.32675384,562.32675384,92.3,783,0,1,8,10,41,0,0,0,0,0,1,10,439.3,37.22,3.36,2.51,4,1,0,3,5,1,14.4,AAADcfB7uAAAAAAAAAAAAAAAAAAAAAAAAAA8eLECAAAAAACx9AAAHgAQAAAADBzhngY39vfIFACoAyZjdACCiCkxIqAJ2CA+7JiNbqLE+duWPCru1hvK6Cew0BMOIEABAgACQABAgAIEAASAAAAAAAAAAA==
11667893,C22H23N5O,373.5,CC1(CNC2=C1C=CC(=C2)NC(=O)C3=C(N=CC=C3)NCC4=CC=NC=C4)C,CC1(CNC2=C1C=CC(=C2)NC(=O)C3=C(N=CC=C3)NCC4=CC=NC=C4)C,CC1(CNC2=C1C=CC(=C2)NC(=O)C3=C(N=CC=C3)NCC4=CC=NC=C4)C,"N-(3,3-dimethyl-1,2-dihydroindol-6-yl)-2-(pyridin-4-ylmethylamino)pyridine-3-carboxamide","InChI=1S/C22H23N5O/c1-22(2)14-26-19-12-16(5-6-18(19)22)27-21(28)17-4-3-9-24-20(17)25-13-15-7-10-23-11-8-15/h3-12,26H,13-14H2,1-2H3,(H,24,25)(H,27,28)",RAHBGWKEPAQNFF-UHFFFAOYSA-N,3.9,373.19026037,373.19026037,78.9,533,0,3,5,5,28,0,0,0,0,0,1,10,295,13.31,6.02,1.39,3,3,0,2,4,1,6.6,AAADceB7oAAAAAAAAAAAAAAAAAAAAWAAAAA8WIAAAAAAAFgB8AAAHgAQAAAADgjBmgQ/8JLIEACoAjd3dACCgCk1AiAJ2KE4ZNiIIPrA3dGEIYholALIyecYgcAPiAAAAAQCAAAQAAAACAQAAAAAAAAAAA==
9926791,C16H20N6O,312.37,C[C@@H]1CCN(C[C@@H]1N(C)C2=NC=NC3=C2C=CN3)C(=O)CC#N,CC1CCN(CC1N(C)C2=NC=NC3=C2C=CN3)C(=O)CC#N,C[C@@H]1CCN(C[C@@H]1N(C)C2=NC=NC3=C2C=CN3)C(=O)CC#N,"3-[(3R,4R)-4-methyl-3-[methyl(7H-pyrrolo[2,3-d]pyrimidin-4-yl)amino]piperidin-1-yl]-3-oxopropanenitrile","InChI=1S/C16H20N6O/c1-11-5-8-22(14(23)3-6-17)9-13(11)21(2)16-12-4-7-18-15(12)19-10-20-16/h4,7,10-11,13H,3,5,8-9H2,1-2H3,(H,18,19,20)/t11-,13+/m1/s1",UJLAWZDWDVHWOW-YPMHNXCESA-N,1.5,312.16985928,312.16985928,88.9,488,0,1,5,3,23,0,2,0,0,0,1,10,237.5,13.46,1.96,1.5,2,1,0,3,3,0,5.2,AAADceB7oAAAAAAAAAAAAAAAAAAAAWAAAAAsWAAAAAAAAFgB+AAAHgAQAAAADSjBmwQ/sN/JkAC4BjN3dACCgCmxAqAJ2aE4ZJiI6MJAyMEUBAhIFgLAQCAQAAAKAAAAAAAAAAAAAAAAAAAAAAAAAAAAAA==
208908,C29H26ClFN4O4S,581.1,CS(=O)(=O)CCNCC1=CC=C(O1)C2=CC3=C(C=C2)N=CN=C3NC4=CC(=C(C=C4)OCC5=CC(=CC=C5)F)Cl,CS(=O)(=O)CCNCC1=CC=C(O1)C2=CC3=C(C=C2)N=CN=C3NC4=CC(=C(C=C4)OCC5=CC(=CC=C5)F)Cl,CS(=O)(=O)CCNCC1=CC=C(O1)C2=CC3=C(C=C2)N=CN=C3NC4=CC(=C(C=C4)OCC5=CC(=CC=C5)F)Cl,N-[3-chloro-4-[(3-fluorophenyl)methoxy]phenyl]-6-[5-[(2-methylsulfonylethylamino)methyl]furan-2-yl]quinazolin-4-amine,"InChI=1S/C29H26ClFN4O4S/c1-40(36,37)12-11-32-16-23-7-10-27(39-23)20-5-8-26-24(14-20)29(34-18-33-26)35-22-6-9-28(25(30)15-22)38-17-19-3-2-4-21(31)13-19/h2-10,13-15,18,32H,11-12,16-17H2,1H3,(H,33,34,35)",BCFGMOOMADDAQU-UHFFFAOYSA-N,5.1,580.1347324,580.1347324,115,898,0,2,9,11,40,0,0,0,0,0,1,10,435.4,22.3,7.33,1.22,4,2,0,3,5,0,11,AAADceB7uQBEAAAAAAAAAAAAAAAAASAAAAA8YMEAAAAAAACx/AAAHwYQAAAADA7l3i639vbIFEqoA6ZzZHDCiCk1J/AJ2KG+b9iOLvPF//uHPSjs0BPY6ae42fOeCEACAAICCAAQgAQABAQQAAAAAAAAAA==
10074640,C28H30N6OS,498.6,CC1=C(C=C(C=C1)NC(=O)C2=CC=C(C=C2)CN3CCN(CC3)C)NC4=NC(=CS4)C5=CN=CC=C5,CC1=C(C=C(C=C1)NC(=O)C2=CC=C(C=C2)CN3CCN(CC3)C)NC4=NC(=CS4)C5=CN=CC=C5,CC1=C(C=C(C=C1)NC(=O)C2=CC=C(C=C2)CN3CCN(CC3)C)NC4=NC(=CS4)C5=CN=CC=C5,"4-[(4-methylpiperazin-1-yl)methyl]-N-[4-methyl-3-[(4-pyridin-3-yl-1,3-thiazol-2-yl)amino]phenyl]benzamide","InChI=1S/C28H30N6OS/c1-20-5-10-24(16-25(20)31-28-32-26(19-36-28)23-4-3-11-29-17-23)30-27(35)22-8-6-21(7-9-22)18-34-14-12-33(2)13-15-34/h3-11,16-17,19H,12-15,18H2,1-2H3,(H,30,35)(H,31,32)",WJEOLQLKVOPQFV-UHFFFAOYSA-N,4.3,498.22018078,498.22018078,102,696,0,2,7,7,36,0,0,0,0,0,1,10,392.2,23.94,6.59,1.67,2,2,0,3,5,0,9.2,AAADceB7oABAAAAAAAAAAAAAAAAAAWAAAAA8eIEAAAAAAAAB9AAAHgQQAAAADAjF3gS/0ZPIEAisAzV3dACC8Kl1CjkJ2DU4ZNiIYPLg3dGUIQholALIyacYiACOSAAAAAQCAACQAAAACAQAAAAAAAAAAA==
51004351,C35H30N4O4,570.6,C[C@]12[C@@H]([C@H](C[C@H](O1)N3C4=CC=CC=C4C5=C6C(=C7C8=CC=CC=C8N2C7=C53)CNC6=O)N(C)C(=O)C9=CC=CC=C9)OC,CC12C(C(CC(O1)N3C4=CC=CC=C4C5=C6C(=C7C8=CC=CC=C8N2C7=C53)CNC6=O)N(C)C(=O)C9=CC=CC=C9)OC,C[C@]12[C@@H]([C@H](C[C@H](O1)N3C4=CC=CC=C4C5=C6C(=C7C8=CC=CC=C8N2C7=C53)CNC6=O)N(C)C(=O)C9=CC=CC=C9)OC,"N-[(2R,3R,4S,6S)-3-methoxy-2-methyl-16-oxo-29-oxa-1,7,17-triazaoctacyclo[12.12.2.12,6.07,28.08,13.015,19.020,27.021,26]nonacosa-8,10,12,14,19,21,23,25,27-nonaen-4-yl]-N-methylbenzamide","InChI=1S/C35H30N4O4/c1-35-32(42-3)25(37(2)34(41)19-11-5-4-6-12-19)17-26(43-35)38-23-15-9-7-13-20(23)28-29-22(18-36-33(29)40)27-21-14-8-10-16-24(21)39(35)31(27)30(28)38/h4-16,25-26,32H,17-18H2,1-3H3,(H,36,40)/t25-,26-,32+,35+/m0/s1",BMGQWWVMWDBQGC-PSAZJTTOSA-N,4.8,570.22670545,570.22670545,77.7,1140,0,1,4,3,43,0,4,0,0,0,1,3,430.4,13.06,5.76,3.04,4,1,0,2,9,0,5.2,AAADceB/uAAAAAAAAAAAAAAAAAAAAWLFgAA0YMGCBYAAAFix/gAAHgAQAAAADDzhngYywPPMFACoAyVyVACCgCQlEiAI2KE4dNgLYPLA1ZGfIQhmhgDayYf82cOeyAACQAASACCQAASAACQAQAAAAAAAAA==
10138260,C23H27FN4O4,442.5,CC1=C(NC(=C1C(=O)NCC(CN2CCOCC2)O)C)/C=C\3/C4=C(C=CC(=C4)F)NC3=O,CC1=C(NC(=C1C(=O)NCC(CN2CCOCC2)O)C)C=C3C4=C(C=CC(=C4)F)NC3=O,CC1=C(NC(=C1C(=O)NCC(CN2CCOCC2)O)C)/C=C\3/C4=C(C=CC(=C4)F)NC3=O,"5-[(Z)-(5-fluoro-2-oxo-1H-indol-3-ylidene)methyl]-N-(2-hydroxy-3-morpholin-4-ylpropyl)-2,4-dimethyl-1H-pyrrole-3-carboxamide","InChI=1S/C23H27FN4O4/c1-13-20(10-18-17-9-15(24)3-4-19(17)27-22(18)30)26-14(2)21(13)23(31)25-11-16(29)12-28-5-7-32-8-6-28/h3-4,9-10,16,26,29H,5-8,11-12H2,1-2H3,(H,25,31)(H,27,30)/b18-10-",CTNPALGJUAXMMC-ZDLGFXPLSA-N,0.9,442.20163352,442.20163352,107,729,0,4,6,6,32,0,0,1,1,0,1,10,337.1,27.51,2.21,1.31,4,4,0,2,4,0,8.4,AAADceB7uQAAAAAAAAAAAAAAAAAAAWLAAAA8QAAAAAAAAFgBwAAAHwAQCAAADBzhng4ywJPJlgCoAyVyVACCgCAlAiAImaE4ZNgKMHrA1ZGHIYhglgDYyccciICOgAAAAAACAAAAAAAAAAQAAAAAAAAAAA==
5329102,C22H27FN4O2,398.5,CCN(CC)CCNC(=O)C1=C(NC(=C1C)/C=C\2/C3=C(C=CC(=C3)F)NC2=O)C,CCN(CC)CCNC(=O)C1=C(NC(=C1C)C=C2C3=C(C=CC(=C3)F)NC2=O)C,CCN(CC)CCNC(=O)C1=C(NC(=C1C)/C=C\2/C3=C(C=CC(=C3)F)NC2=O)C,"N-[2-(diethylamino)ethyl]-5-[(Z)-(5-fluoro-2-oxo-1H-indol-3-ylidene)methyl]-2,4-dimethyl-1H-pyrrole-3-carboxamide","InChI=1S/C22H27FN4O2/c1-5-27(6-2)10-9-24-22(29)20-13(3)19(25-14(20)4)12-17-16-11-15(23)7-8-18(16)26-21(17)28/h7-8,11-12,25H,5-6,9-10H2,1-4H3,(H,24,29)(H,26,28)/b17-12-",WINHZLLDWRZWRT-ATVHPVEESA-N,2.6,398.21180428,398.21180428,77.2,636,0,3,4,7,29,0,0,0,1,0,1,10,314.6,24.61,2.27,1.46,2,3,0,2,3,0,8.2,AAADceB7sQAAAAAAAAAAAAAAAAAAAWLAAAAwAAAAAAAAAFgBwAAAHwAQAAAADAjBngwywJPJkACoAyVyVACCgCAlAiAImaE4ZNgIYHrA1ZGUIYhglgDIyccciICOgAAAAAACAAAAAAAAAAQAAAAAAAAAAA==
44259,C28H26N4O3,466.5,C[C@@]12[C@@H]([C@@H](C[C@@H](O1)N3C4=CC=CC=C4C5=C6C(=C7C8=CC=CC=C8N2C7=C53)CNC6=O)NC)OC,CC12C(C(CC(O1)N3C4=CC=CC=C4C5=C6C(=C7C8=CC=CC=C8N2C7=C53)CNC6=O)NC)OC,C[C@@]12[C@@H]([C@@H](C[C@@H](O1)N3C4=CC=CC=C4C5=C6C(=C7C8=CC=CC=C8N2C7=C53)CNC6=O)NC)OC,"(2S,3R,4R,6R)-3-methoxy-2-methyl-4-(methylamino)-29-oxa-1,7,17-triazaoctacyclo[12.12.2.12,6.07,28.08,13.015,19.020,27.021,26]nonacosa-8,10,12,14,19,21,23,25,27-nonaen-16-one","InChI=1S/C28H26N4O3/c1-28-26(34-3)17(29-2)12-20(35-28)31-18-10-6-4-8-14(18)22-23-16(13-30-27(23)33)21-15-9-5-7-11-19(15)32(28)25(21)24(22)31/h4-11,17,20,26,29H,12-13H2,1-3H3,(H,30,33)/t17-,20-,26-,28+/m1/s1",HKSZLNNOFSGOKW-FYTWVXJKSA-N,3.2,466.20049070,466.20049070,69.5,901,0,2,4,2,35,0,4,0,0,0,1,2,348.3,8.17,6.03,1.39,3,2,0,3,8,0,3.2,AAADceB7sAAAAAAAAAAAAAAAAAAAAWLFgAA0YMEABYAAAFix/gAAHgAQAAAADDzhngYywPPMFACoAyVyVACCgCQlEiAI2KE4dNgLYPLA1ZGfIQhmlgDayQf82cOeyAACQAASACCQAASAACQAQAAAAAAAAA==
11409972,C26H30F3N7O2,529.6,CCN1CCN(CC1)CC2=C(C=C(C=C2)NC(=O)NC3=CC=C(C=C3)OC4=NC=NC(=C4)NC)C(F)(F)F,CCN1CCN(CC1)CC2=C(C=C(C=C2)NC(=O)NC3=CC=C(C=C3)OC4=NC=NC(=C4)NC)C(F)(F)F,CCN1CCN(CC1)CC2=C(C=C(C=C2)NC(=O)NC3=CC=C(C=C3)OC4=NC=NC(=C4)NC)C(F)(F)F,1-[4-[(4-ethylpiperazin-1-yl)methyl]-3-(trifluoromethyl)phenyl]-3-[4-[6-(methylamino)pyrimidin-4-yl]oxyphenyl]urea,"InChI=1S/C26H30F3N7O2/c1-3-35-10-12-36(13-11-35)16-18-4-5-20(14-22(18)26(27,28)29)34-25(37)33-19-6-8-21(9-7-19)38-24-15-23(30-2)31-17-32-24/h4-9,14-15,17H,3,10-13,16H2,1-2H3,(H,30,31,32)(H2,33,34,37)",ODPGGGTTYSGTGO-UHFFFAOYSA-N,3.8,529.24130771,529.24130771,94.7,730,0,3,10,8,38,0,0,0,0,0,1,10,394.8,39.31,5.13,1.34,1,3,0,4,4,0,12.2,AAADceB7sYAAAAAAAAAAAAAAAAAAAAAAAAA8eIEAAAAAAAAB0AAAHwAQAAAADAzBmhQ39pfIFACoAiZjdACCiCkxIqAJ2KA+bJiMbiLE+duePCju1BvI6CewwIAOiEAAQAAQAAAQgACAACAAAAAAAAAAAA==
16722836,C27H36N6O3S,524.7,CC1=CN=C(N=C1NC2=CC(=CC=C2)S(=O)(=O)NC(C)(C)C)NC3=CC=C(C=C3)OCCN4CCCC4,CC1=CN=C(N=C1NC2=CC(=CC=C2)S(=O)(=O)NC(C)(C)C)NC3=CC=C(C=C3)OCCN4CCCC4,CC1=CN=C(N=C1NC2=CC(=CC=C2)S(=O)(=O)NC(C)(C)C)NC3=CC=C(C=C3)OCCN4CCCC4,N-tert-butyl-3-[[5-methyl-2-[4-(2-pyrrolidin-1-ylethoxy)anilino]pyrimidin-4-yl]amino]benzenesulfonamide,"InChI=1S/C27H36N6O3S/c1-20-19-28-26(30-21-10-12-23(13-11-21)36-17-16-33-14-5-6-15-33)31-25(20)29-22-8-7-9-24(18-22)37(34,35)32-27(2,3)4/h7-13,18-19,32H,5-6,14-17H2,1-4H3,(H2,28,29,30,31)",JOOXLOJCABQBSG-UHFFFAOYSA-N,4.8,524.25696021,524.25696021,117,787,0,3,9,11,37,0,0,0,0,0,1,10,407.2,13.18,5.52,2.85,3,3,0,2,4,1,12,AAADcfB7sABAAAAAAAAAAAAAAAAAAWAAAAA8YIAAAAAAAAAB0AAAHgQQQAAADIzh2gY/95fIFAKgAjZnZHDCiDkxIqAJ2DgubJiOLuLE+duHPCzs0BPY6CewQAAAAEAAACAAAAAAgAAAQAAAAAAAAAAAAA==
5291,C29H31N7O,493.6,CC1=C(C=C(C=C1)NC(=O)C2=CC=C(C=C2)CN3CCN(CC3)C)NC4=NC=CC(=N4)C5=CN=CC=C5,CC1=C(C=C(C=C1)NC(=O)C2=CC=C(C=C2)CN3CCN(CC3)C)NC4=NC=CC(=N4)C5=CN=CC=C5,CC1=C(C=C(C=C1)NC(=O)C2=CC=C(C=C2)CN3CCN(CC3)C)NC4=NC=CC(=N4)C5=CN=CC=C5,4-[(4-methylpiperazin-1-yl)methyl]-N-[4-methyl-3-[(4-pyridin-3-ylpyrimidin-2-yl)amino]phenyl]benzamide,"InChI=1S/C29H31N7O/c1-21-5-10-25(18-27(21)34-29-31-13-11-26(33-29)24-4-3-12-30-19-24)32-28(37)23-8-6-22(7-9-23)20-36-16-14-35(2)15-17-36/h3-13,18-19H,14-17,20H2,1-2H3,(H,32,37)(H,31,33,34)",KTUFNOKKBVMGRW-UHFFFAOYSA-N,3.5,493.25900864,493.25900864,86.3,706,0,2,7,7,37,0,0,0,0,0,1,10,390.1,23.61,5.87,1.43,3,2,0,3,5,0,9.2,AAADceB7oAAAAAAAAAAAAAAAAAAAAAAAAAA8eLECAAAAAAAB9AAAHgAQAAAADAjBngQ/0JfIEACoAzV3dACCgCk1AqAJ2CE4ZNiIaPLA3dGUJQholALIyacYiACOSAAAAAQCAACQAAAACAQAAAAAAAAAAA==
11984591,C28H29FN6O8S,628.6,CC1(C(=O)NC2=C(O1)C=CC(=N2)NC3=NC(=NC=C3F)NC4=CC(=C(C(=C4)OC)OC)OC)C.C1=CC=C(C=C1)S(=O)(=O)O,CC1(C(=O)NC2=C(O1)C=CC(=N2)NC3=NC(=NC=C3F)NC4=CC(=C(C(=C4)OC)OC)OC)C.C1=CC=C(C=C1)S(=O)(=O)O,CC1(C(=O)NC2=C(O1)C=CC(=N2)NC3=NC(=NC=C3F)NC4=CC(=C(C(=C4)OC)OC)OC)C.C1=CC=C(C=C1)S(=O)(=O)O,"benzenesulfonic acid;6-[[5-fluoro-2-(3,4,5-trimethoxyanilino)pyrimidin-4-yl]amino]-2,2-dimethyl-4H-pyrido[3,2-b][1,4]oxazin-3-one","InChI=1S/C22H23FN6O5.C6H6O3S/c1-22(2)20(30)28-19-13(34-22)6-7-16(27-19)26-18-12(23)10-24-21(29-18)25-11-8-14(31-3)17(33-5)15(9-11)32-4;7-10(8,9)6-4-2-1-3-5-6/h6-10H,1-5H3,(H3,24,25,26,27,28,29,30);1-5H,(H,7,8,9)",UXDRJPYSTZHIOE-UHFFFAOYSA-N,N/A,628.17516124,628.17516124,192,874,0,4,14,8,44,0,0,0,0,0,2,0,N/A,N/A,N/A,N/A,N/A,N/A,N/A,N/A,N/A,N/A,N/A,AAADceB7vQBAAAAAAAAAAAAAAAAAAAAAAAA8eLECAAAAAACx9AAAHwQQCAAADEzB0g4/95bIFIKoADd3dHbCiGkxYqAJ2Dl/7JiPL+LE+d+HPCrv1R/a6CewcA8AAEAACgAAQAAAgAAUAACAAAAAAAAAAA==
16725726,C21H27N7O3,425.5,CCN1C2=C(C(=NC=C2OC[C@H]3CCCNC3)C#CC(C)(C)O)N=C1C4=NON=C4N,CCN1C2=C(C(=NC=C2OCC3CCCNC3)C#CC(C)(C)O)N=C1C4=NON=C4N,CCN1C2=C(C(=NC=C2OC[C@H]3CCCNC3)C#CC(C)(C)O)N=C1C4=NON=C4N,"4-[2-(4-amino-1,2,5-oxadiazol-3-yl)-1-ethyl-7-[[(3S)-piperidin-3-yl]methoxy]imidazo[4,5-c]pyridin-4-yl]-2-methylbut-3-yn-2-ol","InChI=1S/C21H27N7O3/c1-4-28-18-15(30-12-13-6-5-9-23-10-13)11-24-14(7-8-21(2,3)29)16(18)25-20(28)17-19(22)27-31-26-17/h11,13,23,29H,4-6,9-10,12H2,1-3H3,(H2,22,27)/t13-/m0/s1",KGPGFQWBCSZGEL-ZDUSSCGKSA-N,0.3,425.21753775,425.21753775,137,680,0,3,9,7,31,0,1,0,0,0,1,10,322.6,15.92,6.69,0.87,4,3,0,3,4,1,6.2,AAADceB7sAAAAAAAAAAAAAAAAAAAAWLAAAAsWAAAAAAAAFgB/gAAHgAUCAAADUzhlwYv9rfcFgDhERZnZgyCiC0xcKAh2KAvXJqObuLE+NuXPCju0JvY6CewEAIMAAAAAAAAAAAAAAAAAAAAAAAAAAAAAA==
156414,C24H25ClFN5O3,485.9,C=CC(=O)NC1=C(C=C2C(=C1)C(=NC=N2)NC3=CC(=C(C=C3)F)Cl)OCCCN4CCOCC4,C=CC(=O)NC1=C(C=C2C(=C1)C(=NC=N2)NC3=CC(=C(C=C3)F)Cl)OCCCN4CCOCC4,C=CC(=O)NC1=C(C=C2C(=C1)C(=NC=N2)NC3=CC(=C(C=C3)F)Cl)OCCCN4CCOCC4,N-[4-(3-chloro-4-fluoroanilino)-7-(3-morpholin-4-ylpropoxy)quinazolin-6-yl]prop-2-enamide,"InChI=1S/C24H25ClFN5O3/c1-2-23(32)30-21-13-17-20(14-22(21)34-9-3-6-31-7-10-33-11-8-31)27-15-28-24(17)29-16-4-5-19(26)18(25)12-16/h2,4-5,12-15H,1,3,6-11H2,(H,30,32)(H,27,28,29)",OMZCMEYTWSXEPZ-UHFFFAOYSA-N,3.9,485.1629955,485.1629955,88.6,671,0,2,8,9,34,0,0,0,0,0,1,10,362.8,25.82,4.16,2.26,3,2,0,3,4,1,11.2,AAADceB7sQAEAAAAAAAAAAAAAAAAAAAAAAA8eIEAAAAAAACx9AAAHwIQAAAADA7hni419vfIFACoAydzdACCiCkxJ6AJ2CA/btiOLuLF+9uHPCju1BvY6KeQ0AMOIACAQgICEABAAQCEBAQgAAAAAAAAAA==
24889392,C29H32N6O4S,560.7,CC(C)(C)C1=CC(=NO1)NC(=O)NC2=CC=C(C=C2)C3=CN4C5=C(C=C(C=C5)OCCN6CCOCC6)SC4=N3,CC(C)(C)C1=CC(=NO1)NC(=O)NC2=CC=C(C=C2)C3=CN4C5=C(C=C(C=C5)OCCN6CCOCC6)SC4=N3,CC(C)(C)C1=CC(=NO1)NC(=O)NC2=CC=C(C=C2)C3=CN4C5=C(C=C(C=C5)OCCN6CCOCC6)SC4=N3,"1-(5-tert-butyl-1,2-oxazol-3-yl)-3-[4-[6-(2-morpholin-4-ylethoxy)imidazo[2,1-b][1,3]benzothiazol-2-yl]phenyl]urea","InChI=1S/C29H32N6O4S/c1-29(2,3)25-17-26(33-39-25)32-27(36)30-20-6-4-19(5-7-20)22-18-35-23-9-8-21(16-24(23)40-28(35)31-22)38-15-12-34-10-13-37-14-11-34/h4-9,16-18H,10-15H2,1-3H3,(H2,30,32,33,36)",CVWXJKQAOSCOAB-UHFFFAOYSA-N,5.6,560.22057470,560.22057470,134,849,0,2,8,8,40,0,0,0,0,0,1,10,431.5,65.82,1.93,1.04,3,2,0,2,6,1,11.2,AAADcfB7uABAAAAAAAAAAAAAAAAAAWLFgAA8YIAAAAAWAFgB/AAAHgQUAAAADgzh3gY/97fcHAitA7Z3dgCD+K11Orhp2D0+fNqOburkuZuXOKju1RvY6GewwIAPCEAABAAAAQAQgAAIAAACAAAAAAAAAA==
3062316,C22H26ClN7O2S,488.0,CC1=C(C(=CC=C1)Cl)NC(=O)C2=CN=C(S2)NC3=CC(=NC(=N3)C)N4CCN(CC4)CCO,CC1=C(C(=CC=C1)Cl)NC(=O)C2=CN=C(S2)NC3=CC(=NC(=N3)C)N4CCN(CC4)CCO,CC1=C(C(=CC=C1)Cl)NC(=O)C2=CN=C(S2)NC3=CC(=NC(=N3)C)N4CCN(CC4)CCO,"N-(2-chloro-6-methylphenyl)-2-[[6-[4-(2-hydroxyethyl)piperazin-1-yl]-2-methylpyrimidin-4-yl]amino]-1,3-thiazole-5-carboxamide","InChI=1S/C22H26ClN7O2S/c1-14-4-3-5-16(23)20(14)28-21(32)17-13-24-22(33-17)27-18-12-19(26-15(2)25-18)30-8-6-29(7-9-30)10-11-31/h3-5,12-13,31H,6-11H2,1-2H3,(H,28,32)(H,24,25,26,27)",ZBNZXTGUTAYRHI-UHFFFAOYSA-N,3.6,487.1557220,487.1557220,135,642,0,3,9,7,33,0,0,0,0,0,1,10,363.5,38.82,2.05,1.36,2,3,0,4,4,0,9.2,AAADceB7sABEAAAAAAAAAAAAAAAAAWAAAAA8WIAAAAAAAAAB8AAAHgYQCAAADArh2yY/8ZfIEgisAjd3dACC8Kl1D7lJ2C04ZtiKeCrB29HUJIholALYyOcQgAAOAAAAIAACABAAAABAAAQAIAAAAAAAAA==
9933475,C25H27FN4O3,450.5,CC1=CC2=C(N1)C=CC(=C2F)OC3=NC=NC4=CC(=C(C=C43)OC)OCCCN5CCCC5,CC1=CC2=C(N1)C=CC(=C2F)OC3=NC=NC4=CC(=C(C=C43)OC)OCCCN5CCCC5,CC1=CC2=C(N1)C=CC(=C2F)OC3=NC=NC4=CC(=C(C=C43)OC)OCCCN5CCCC5,4-[(4-fluoro-2-methyl-1H-indol-5-yl)oxy]-6-methoxy-7-(3-pyrrolidin-1-ylpropoxy)quinazoline,"InChI=1S/C25H27FN4O3/c1-16-12-17-19(29-16)6-7-21(24(17)26)33-25-18-13-22(31-2)23(14-20(18)27-15-28-25)32-11-5-10-30-8-3-4-9-30/h6-7,12-15,29H,3-5,8-11H2,1-2H3",XXJWYDDUDKYVKI-UHFFFAOYSA-N,4.9,450.20671890,450.20671890,72.5,624,0,1,7,8,33,0,0,0,0,0,1,10,347.7,26.38,2.91,1.58,2,1,0,3,5,0,9,AAADceB7sQAAAAAAAAAAAAAAAAAAAWLAAAA8YIAAAAAAAFix/gAAHwAQAAAADAzhng431vfJlACgAyRjZACCiCkxIqAJ2SA+7JiNLuLE+duOPCru0BvK6Cfw8L8OIEABAgACQABAgAIEAASAAAAAAAAAAA==
42642645,C34H34F2N4O6,632.7,COC1=CC2=C(C=CN=C2C=C1OCCCN3CCOCC3)OC4=C(C=C(C=C4)NC(=O)C5(CC5)C(=O)NC6=CC=C(C=C6)F)F,COC1=CC2=C(C=CN=C2C=C1OCCCN3CCOCC3)OC4=C(C=C(C=C4)NC(=O)C5(CC5)C(=O)NC6=CC=C(C=C6)F)F,COC1=CC2=C(C=CN=C2C=C1OCCCN3CCOCC3)OC4=C(C=C(C=C4)NC(=O)C5(CC5)C(=O)NC6=CC=C(C=C6)F)F,"1-N'-[3-fluoro-4-[6-methoxy-7-(3-morpholin-4-ylpropoxy)quinolin-4-yl]oxyphenyl]-1-N-(4-fluorophenyl)cyclopropane-1,1-dicarboxamide","InChI=1S/C34H34F2N4O6/c1-43-30-20-25-27(21-31(30)45-16-2-13-40-14-17-44-18-15-40)37-12-9-28(25)46-29-8-7-24(19-26(29)36)39-33(42)34(10-11-34)32(41)38-23-5-3-22(35)4-6-23/h3-9,12,19-21H,2,10-11,13-18H2,1H3,(H,38,41)(H,39,42)",CXQHYVUVSFXTMY-UHFFFAOYSA-N,5.5,632.24464114,632.24464114,111,1010,0,2,10,12,46,0,0,0,0,0,1,10,478,47.93,5.28,1.74,7,2,0,1,5,0,15.8,AAADcfB/uYAAAAAAAAAAAAAAGAAAAAAAAAA8eMECAAAAAACx9AAAHwAQAAAADgzhng4+xvPIFACoAzV3VACCiCAxIiAI2CE+7JgPJvrM8ZuHOCrm1Bna6Afw8L8OIEABAgACQABAgAIEAASAAAAAAAAAAA==
10113978,C21H23N7O2S,437.5,CC1=C(C=C(C=C1)NC2=NC=CC(=N2)N(C)C3=CC4=NN(C(=C4C=C3)C)C)S(=O)(=O)N,CC1=C(C=C(C=C1)NC2=NC=CC(=N2)N(C)C3=CC4=NN(C(=C4C=C3)C)C)S(=O)(=O)N,CC1=C(C=C(C=C1)NC2=NC=CC(=N2)N(C)C3=CC4=NN(C(=C4C=C3)C)C)S(=O)(=O)N,"5-[[4-[(2,3-dimethylindazol-6-yl)-methylamino]pyrimidin-2-yl]amino]-2-methylbenzenesulfonamide","InChI=1S/C21H23N7O2S/c1-13-5-6-15(11-19(13)31(22,29)30)24-21-23-10-9-20(25-21)27(3)16-7-8-17-14(2)28(4)26-18(17)12-16/h5-12H,1-4H3,(H2,22,29,30)(H,23,24,25)",CUIHSIWYWATEQL-UHFFFAOYSA-N,3.1,437.16339418,437.16339418,127,717,0,2,8,5,31,0,0,0,0,0,1,10,331.9,20.59,3.48,1.26,3,2,0,1,4,0,5,AAADceB7sABAAAAAAAAAAAAAAAAAAWAAAAA8YIAAAAAAAFgB/AAAHAQYQAAADAjBXgQ/8ffIEAKiAzZnZHDShDkxgqAZ2Dg4ZJiIKOLA2dGEpAxomALIyCcQgIAOCAAAACQGAAAQAAAASAwAAAAAAAAAAA==
644241,C28H22F3N7O,529.5,CC1=C(C=C(C=C1)C(=O)NC2=CC(=CC(=C2)C(F)(F)F)N3C=C(N=C3)C)NC4=NC=CC(=N4)C5=CN=CC=C5,CC1=C(C=C(C=C1)C(=O)NC2=CC(=CC(=C2)C(F)(F)F)N3C=C(N=C3)C)NC4=NC=CC(=N4)C5=CN=CC=C5,CC1=C(C=C(C=C1)C(=O)NC2=CC(=CC(=C2)C(F)(F)F)N3C=C(N=C3)C)NC4=NC=CC(=N4)C5=CN=CC=C5,4-methyl-N-[3-(4-methylimidazol-1-yl)-5-(trifluoromethyl)phenyl]-3-[(4-pyridin-3-ylpyrimidin-2-yl)amino]benzamide,"InChI=1S/C28H22F3N7O/c1-17-5-6-19(10-25(17)37-27-33-9-7-24(36-27)20-4-3-8-32-14-20)26(39)35-22-11-21(28(29,30)31)12-23(13-22)38-15-18(2)34-16-38/h3-16H,1-2H3,(H,35,39)(H,33,36,37)",HHZIURLSWUIHRB-UHFFFAOYSA-N,4.9,529.18379284,529.18379284,97.6,817,0,2,9,6,39,0,0,0,0,0,1,10,398,13.28,8.15,1.3,3,2,0,2,5,0,8,AAADceB7oYAAAAAAAAAAAAAAAAAAAWAAAAA8eIEAAAAAAAAB/AAAHwAQAAAADAjBnhQ/0JfMEACoAzV3dACCgC01EqAJ2CE4dNiIaPLA3dGUJQholALIyacciACOQAAAQAQCAACAAACACAQAAAAAAAAAAA==
11234052,C19H19FN4O3,370.4,CC1=CC2=C(N1)C=CC(=C2F)OC3=NC=NN4C3=C(C(=C4)OC[C@@H](C)O)C,CC1=CC2=C(N1)C=CC(=C2F)OC3=NC=NN4C3=C(C(=C4)OCC(C)O)C,CC1=CC2=C(N1)C=CC(=C2F)OC3=NC=NN4C3=C(C(=C4)OC[C@@H](C)O)C,"(2R)-1-[4-[(4-fluoro-2-methyl-1H-indol-5-yl)oxy]-5-methylpyrrolo[2,1-f][1,2,4]triazin-6-yl]oxypropan-2-ol","InChI=1S/C19H19FN4O3/c1-10-6-13-14(23-10)4-5-15(17(13)20)27-19-18-12(3)16(26-8-11(2)25)7-24(18)22-9-21-19/h4-7,9,11,23,25H,8H2,1-3H3/t11-/m1/s1",WCWUXEGQKLTGDX-LLVKDONJSA-N,3,370.14411864,370.14411864,84.7,515,0,2,6,5,27,0,1,0,0,0,1,10,278.1,20.32,1.71,1.26,2,2,0,2,4,0,5,AAADceB7sQAAAAAAAAAAAAAAAAAAAWLAAAA8QAAAAAAAAFgB/gAAHwAYCAAADBzhng4/1vbJlgCiAzRnZASSjC8x8qAd2SA/fJiPfuLEuZufuCjm2Bvb6Cfw0LMOAEABAAACAAAAgAIAAAQAAAAAAAAAAA==
153999,C28H28N4O3,468.5,CN(C)C[C@@H]1CCN2C=C(C3=CC=CC=C32)C4=C(C5=CN(CCO1)C6=CC=CC=C65)C(=O)NC4=O,CN(C)CC1CCN2C=C(C3=CC=CC=C32)C4=C(C5=CN(CCO1)C6=CC=CC=C65)C(=O)NC4=O,CN(C)C[C@@H]1CCN2C=C(C3=CC=CC=C32)C4=C(C5=CN(CCO1)C6=CC=CC=C65)C(=O)NC4=O,"(18S)-18-[(dimethylamino)methyl]-17-oxa-4,14,21-triazahexacyclo[19.6.1.17,14.02,6.08,13.022,27]nonacosa-1(28),2(6),7(29),8,10,12,22,24,26-nonaene-3,5-dione","InChI=1S/C28H28N4O3/c1-30(2)15-18-11-12-31-16-21(19-7-3-5-9-23(19)31)25-26(28(34)29-27(25)33)22-17-32(13-14-35-18)24-10-6-4-8-20(22)24/h3-10,16-18H,11-15H2,1-2H3,(H,29,33,34)/t18-/m0/s1",ZCBUQCWBWNUWSU-SFHVURJKSA-N,2.7,468.21614077,468.21614077,68.5,872,0,1,4,2,35,0,1,0,0,0,1,10,364.5,7.89,7.75,1.83,3,1,0,3,5,0,3.4,AAADceB7sAAAAAAAAAAAAAAAAAAAAWLEAAAwYAAAAAAAAFgB/gAAHgAQAAAADBzhngY+wPPMFACoAzV3VACCgCAxAiAI2CE4ZNgKIPLAlZGHIAhihCDYyQccicCegAAAAAACAAAAAAAAAAQAAAAAAAAAAA==
24180719,C17H14ClF2N3O3S,413.8,CCCS(=O)(=O)NC1=C(C(=C(C=C1)F)C(=O)C2=CNC3=C2C=C(C=N3)Cl)F,CCCS(=O)(=O)NC1=C(C(=C(C=C1)F)C(=O)C2=CNC3=C2C=C(C=N3)Cl)F,CCCS(=O)(=O)NC1=C(C(=C(C=C1)F)C(=O)C2=CNC3=C2C=C(C=N3)Cl)F,"N-[3-(5-chloro-1H-pyrrolo[2,3-b]pyridine-3-carbonyl)-2,4-difluorophenyl]propane-1-sulfonamide","InChI=1S/C17H14ClF2N3O3S/c1-2-5-27(25,26)23-13-4-3-12(19)14(15(13)20)16(24)11-8-22-17-10(11)6-9(18)7-21-17/h3-4,6-8,23H,2,5H2,1H3,(H,21,22)",YZDJQTHVDDOVHR-UHFFFAOYSA-N,3.3,413.0412465,413.0412465,100,648,0,2,7,6,27,0,0,0,0,0,1,10,290.5,6.62,5.05,1.89,4,2,0,1,3,1,6,AAADccB7MYBEAAAAAAAAAAAAAAAAAWAAAAA8QAAAAAAAAFgB/AAAHwYQQAAADA7F2yy/8N7JkAKoArZ3ZHDCgCm1B6AJ2aEoZtiIKPrBn5HEIYhokALIyecciMCOgAAAQAAAAAAAAACAAAAAAAAAAAAAAA==
6450551,C22H18N4OS,386.5,CNC(=O)C1=CC=CC=C1SC2=CC3=C(C=C2)C(=NN3)/C=C/C4=CC=CC=N4,CNC(=O)C1=CC=CC=C1SC2=CC3=C(C=C2)C(=NN3)C=CC4=CC=CC=N4,CNC(=O)C1=CC=CC=C1SC2=CC3=C(C=C2)C(=NN3)/C=C/C4=CC=CC=N4,N-methyl-2-[[3-[(E)-2-pyridin-2-ylethenyl]-1H-indazol-6-yl]sulfanyl]benzamide,"InChI=1S/C22H18N4OS/c1-23-22(27)18-7-2-3-8-21(18)28-16-10-11-17-19(25-26-20(17)14-16)12-9-15-6-4-5-13-24-15/h2-14H,1H3,(H,23,27)(H,25,26)/b12-9+",RITAVMQDGBJQJZ-FMIVXFBMSA-N,4.2,386.12013238,386.12013238,96,557,0,2,4,5,28,0,0,0,1,0,1,10,303.6,23.44,2.27,1.57,3,2,0,0,4,0,6,AAADceB7oABAAAAAAAAAAAAAAAAAAWAAAAA8YIAAAAAAAFgB/AAAHgQYAAAADAjB3gQ+wfLrEAiqAzV3VACShCA1CjAY+bk4ZNgIIPLg1dGEpQxgmgDoyYcYiICOEAAAACAGAAAgAAAAQAwAAAAAAAAAAA==
